known_parent,country,country_2,agency,count_all_article_instances,count_unique_articles,count_unique_biodata_resources,associated_PMIDs,associated_biodata_resources
,Argentina,AR,Universidad Nacional de Quilmes,3,3,3,"34954795, 33237329, 33305318","CoDNaS-RNA, MobiDB, PED"
,Argentina,AR,Agencia Nacional de Promoci√≥n Cient√≠fica y Tecnol√≥gica,6,3,3,"32507889, 31713636, 31680160","articles.ELM, DisProt, ELM"
,Argentina,AR,Consejo Nacional de Investigaciones Cient√≠ficas y T√©cnicas,3,3,3,"32507889, 34954795, 31680160","articles.ELM, CoDNaS-RNA, ELM"
,Australia,AU,National Health and Medical Research Council,14,8,8,"33137193, 28381244, 30942868, 30395284, 31161204, 31598690, 33095862, 30395310","AcrHub, DisBind, DEE2, Haemopedia, PRISMOID, ProCarbDB, ThermoMutDB, Vesiclepedia"
,Australia,AU,Australian Research Council,14,7,7,"30548723, 32928113, 31667690, 31161204, 26434508, 30329070, 33084874","CropSNPdb, CrustyBase, Microndata, PRISMOID, ExoCarta, RaftProt, OGEE"
,Austria,AT,Austrian Science Fund FWF,7,6,6,"21718534, 24225386, 26590402, 30357379, 21366916, 26586809","CANGS, COMMODE, EffectiveDB, EndoDB, PoPoolation, probeBase"
,Belgium,BE,Research Foundation Flanders,3,3,3,"31713636, 31584092, 33237329","DisProt, PDBe-KB, MobiDB"
,Brazil,BR,Coordena√ß√£o de Aperfei√ßoamento de Pessoal de N√≠vel Superior,6,5,5,"33181825, 33995920, 26887375, 33388027, 33095862","CitrusKB, ExVe, PlanTE-MIR DB, Propedia, ThermoMutDB"
,Brazil,BR,Conselho Nacional de Desenvolvimento Cient√≠fico e Tecnol√≥gico,5,5,5,"33181825, 33995920, 26887375, 24273012, 33095862","CitrusKB, ExVe, PlanTE-MIR DB, SpliceProt, ThermoMutDB"
,Canada,CA,Canadian Institutes of Health Research,39,32,29,"22135301, 31095607, 24203711, 26048563, 31016417, 33382035, 23109553, 22613085, 21492431, 23180781, 24203342, 27863956, 29206899, 31825307, 23203867, 31724725, 22009677, 26251998, 26578582, 24203708, 25332401, 32442307, 22064855, 22102575, 28158179, 24174537, 31665441, 26481353, 26531826, 33313828, 23650175, 31701148","BacMap, CiliaCarta, DrugBank, CYCLoPs, DNAmod, DIPPER, ECMDB, HAltORF, KID, InnateDB, iRefWeb, IHEC, MOSAIC, MouseBytes, NetwoRx, oRNAment, PhenoM, PhenomeCentral, Pseudomonas Genome, SMPDB, TopFIND, SYNERGxDB, YMDB, YeTFaSCo, TrypsNetDB, DGV, CARD, JASPAR, PSORTdb"
,Canada,CA,CIHR,16,13,13,"22718786, 31095607, 23019048, 31679514, 24229347, 31724725, 23674503, 31868683, 32442307, 33125652, 33313828, 27899612, 27789705","ChromoHub, CiliaCarta, CRCgene, MaveDB, NeuroGeM, oRNAment, PhosphoGRID, QPN, SYNERGxDB, iRefWeb, PSORTdb, YMDB, CARD"
,Canada,CA,Natural Sciences and Engineering Research Council of Canada,13,12,12,"30893420, 33735471, 31016417, 33599246, 27863956, 31825307, 33363449, 26251998, 29377907, 33206959, 33305318, 31701148","AYbRAH, CLRP, DNAmod, Gemma, IHEC, MouseBytes, PASS, PhenomeCentral, ProtDataTherm, IntAct, PED, JASPAR"
,Canada,CA,Genome Canada,6,6,6,"27863956, 33683131, 26251998, 32442307, 31665441, 31701148","IHEC, MRMAssayDB, PhenomeCentral, SYNERGxDB, CARD, JASPAR"
,Canada,CA,Canada Foundation for Innovation,8,5,5,"33245771, 31733064, 30601939, 33206959, 30407591","MarkerDB, PathDIP, UbiHub, IntAct, IID"
,Canada,CA,Canada Research Chairs,4,3,3,"33735471, 31825307, 30407591","CLRP, MouseBytes, IID"
,Canada,CA,Ontario Research Fund,3,3,3,"26251998, 33206959, 33170273","PhenomeCentral, IntAct, Gramene"
,China,CN,National Natural Science Foundation of China,807,294,289,"34025933, 31584087, 32986825, 31695717, 29321052, 31665428, 31843802, 32294195, 34839012, 28968841, 30239683, 32681639, 33125076, 33219693, 30215764, 31665503, 33882119, 32540200, 28605773, 29985970, 33010176, 30329142, 30329095, 31701131, 34345532, 29939204, 27635320, 35134148, 31691819, 29992323, 33471060, 30289549, 33147626, 31428785, 32608479, 33970229, 33662628, 30045691, 32345360, 34296749, 27365365, 33181824, 34856391, 33121433, 33109630, 30357356, 33693668, 31813095, 31901979, 33010163, 32436316, 33313674, 34992626, 33068433, 33009914, 30285246, 34927675, 29178828, 26940364, 27209279, 28381244, 28575155, 29209336, 29860480, 29961819, 30016397, 30379998, 30380071, 30482172, 30665056, 31603498, 31665429, 33104791, 33320930, 33938221, 34097004, 27037912, 29126995, 30321400, 30335161, 30357379, 30364969, 30365030, 30476229, 30788500, 31277321, 31642496, 31665430, 31774482, 31887789, 32120139, 32681912, 33002112, 33203359, 33497436, 33511767, 34085038, 34954426, 35694152, 27098585, 28529078, 28549078, 29548284, 30053237, 30066211, 30266410, 30371881, 31504765, 31524396, 31566222, 31584099, 31630971, 31725863, 31783725, 32315389, 32496513, 32858223, 32941628, 33045729, 33151298, 33264402, 33406221, 33677507, 33868597, 33965348, 33984507, 34164644, 34175476, 34642750, 34791105, 23601370, 29788225, 30276831, 30476305, 31598675, 31617563, 31665439, 31713618, 31906602, 32193291, 32367112, 32512182, 32766766, 32820322, 33045741, 33045751, 33147622, 33219686, 33507270, 33906563, 34755873, 27167218, 28968812, 29433427, 30057343, 31231773, 31240103, 32833025, 32911083, 32990748, 33125077, 33126250, 33219670, 33418085, 34510194, 28961690, 29982280, 30134653, 30335176, 30445567, 31086734, 31584086, 31950190, 32103267, 32105730, 32111231, 32117995, 32122231, 32487016, 32597311, 33275967, 33304468, 33306802, 33359127, 33514746, 33581334, 33997360, 34120586, 34389843, 26211629, 30239819, 30357353, 30380102, 31584089, 31598699, 31599098, 31602478, 31620779, 31640808, 31725858, 31809863, 33003203, 33010159, 33330918, 33554247, 25640659, 28365723, 28529082, 29028888, 29309507, 29617941, 29961821, 30020436, 30371817, 30380119, 31511885, 31642484, 31713629, 31799597, 31906603, 32382747, 32709339, 32849839, 33010177, 33021671, 33045745, 33068412, 33685493, 34022814, 34496744, 27337171, 27643925, 28420402, 28974472, 30184150, 30371815, 30380087, 30913342, 32047897, 32248093, 32286817, 32351388, 32620074, 32976581, 32990749, 33074314, 33179754, 33360695, 33985427, 34273956, 34407614, 29351734, 30217145, 30223042, 30365026, 30462313, 31021279, 32168374, 32221380, 32349124, 32738156, 33068436, 33095866, 33175170, 33993461, 34601118, 29917040, 30285109, 30335166, 30364951, 30364952, 30364956, 31161214, 31599330, 31670377, 32016318, 33175131, 33219685, 33306787, 33306800, 33693667, 34344425, 30715167, 30172046, 30407568, 30371818, 33196801, 30204897, 31942978, 30329098, 33010178, 33219661, 30407549, 26744602","AddictGene, Animal-ImputeDB, Animal-APAdb, AppleMDO, ASGDB, ASD, ASRD, ASFVdb, ASER, AtCircDB, ATD, ATdb, ATACdb, AtMAD, AWESOME, BBCancer, BC-TFdb, BGVD, BioM2MetDisease, BrainEXP, CancerImmunityQTL, CancerSEA, CancerSplicingQTL, CancerTracer, CanImmunother, CARDIO-LNCRNAS, CardioTF, CATA, CAUSALdb, CeleryDB, Cellinker, CellMarker, CellTalkDB, CFEA, CHDGKB, ChemHub, Chinese Glioma Genome Atlas, CIGene, CircAtlas, circExp, CIRCpedia, circR2Cancer, CircR2Disease, circVAR, CKTTD, CMAUP, CMBD, CMVdb, CNAdbCC, cncRNAdb, CoFly, ColorCells, CottonGVD, CovalentInDB, CoVdb, CRISPRlnc, CRPMKB, CrusTF, dbPHCC, DNetDB, DisBind, Dynamic-BM, DRDB, dbCRSR, dbLGL, dbCID, dbCPM, DSMNC, dbMPIKT, dbHDPLS, dbInDel, DrugCombDB, DrugSpaceX, CyanoPATH, D3DistalMutation, DevOmics, GAMDB, FVD, EWASdb, EVmiRNA, EndoDB, EWAS Atlas, ETCM, ENPD, EnDisease, GEDS, Gene4Denovo, ENdb, FluReassort, ETph, FRCD, ExoceRNA Atlas, EnzyMine, FishDB, FifBase, FAWMine, EyeDiseases, FertilityOnline, EnhFFL, Grape-CRISPR, HCSGD, HEROD, IDPM, HDncRNA, HAMdb, HCCDB, iDog, GMrepo, HybridMolDB, GWAS Atlas, gutMDisorder, GESUR, GRONS, HKPocket, HotSpot3D, gutMEGA, hTFtarget, IDDB, GIMICA, GRNdb, HERB, iCysMod, HIR, GPCards, GGVD, HisPhosSite, HFBD, GWH, HBFP, HFIP, LiverAtlas, LnChrom, lncRNAnet, LncACTdb, KnockTF, LnCeVar, MaGenDB, LncTarD, LLPSDB, LncSpA, MACSNVdb, IRESbase, lncR2metasta, LncAS2Cancer, LncSEA, LncExpDB, KNIndex, LnCeCell, InSexBase, M6ADD, ImmReg, MiasDB, MetSigDis, MethCNA, MCENet, MepmiRDB, MDR, MNDR, MosaicBase, miRNASNP-v3, MASI, MloDisDB, MolluscDB, MicroPhenoDB, Mollusca mitochondrial database, ncDR, PepBDB, PADFrag, NucMap, OncoBase, OsteoporosAtlas, PGG.Han, PCaLiStDB, PDIR, ncEP, NoncoRNA, Nc2Eye, ncRPheno, ncRI, OncotRF, ncRNAVar, PDmethDB, NPBS, NBIGV, NGD, OGP, PCPD, NUCOME, Nabe, PLNlncRbase, POSTAR2, piRTarBase, qPhos, PhaSepDB, QTLbase, PSMD, PmiREN, prokaryotic antiviral defense system, PGG.SNV, PlantCircNet, PsyMuKB, QSIdb, PROTAC-DB, piRNA-eQTL, PMI-DB, SecReT6, SilkPathDB, RED, RRDB, SEGreg, SCRIPT-MAP, SDADB, realDB, SEdb, SAGD, SNP2APA, SilkDB, SpatialDB, RNAactDrug, RNAInter, RSVdb, saponin mass spectrometry database, RIGD, SC2disease, RMVar, SilencerDB, RASP, riboCIRC, Rhododendron Plant Genome Database, RPocket, TarNet, StemCellCKB, SSER, Stress2TF, TRCirc, TransmiR, SymMap, TPIA, TRlnc, TE141K1, TeroKit, TCMIO, TeaCoN, STAB, TCRdb, TransCirc, TISCH, ToxinDB, TarDB, TCM-Blast, Tracking Air Pollution in China, EOGD, PPGD, TSNAdb, Victors, Cistrome DB, UVGD, uORFlight, WeiBI, VirusCircBase, YIR, tsRBase, VARAdb, 2019nCoVR, TUPDB, Viral Putative G-quadruplex, MPD, LncRNADisease, RPFdb, DoriC, PED, HMDD, WDSPdb, LSD, NPInter, VariBench, deepBase, Lnc2Cancer, MetaADEDB, CEG, UbiNet, SorGSD, BacWGSTdb, ICEberg, piRBase, NONCODE, AnimalTFDB, LncBook, LincSNP"
,China,CN,National Key Research and Development Program of China,143,68,68,"31648087, 32608479, 33970229, 34296749, 33121433, 33693668, 33010163, 33313674, 32754758, 33068433, 29961819, 30335161, 30365030, 30788500, 31584095, 32120139, 34954426, 31504765, 31566222, 33045729, 33151298, 33264402, 33515030, 34164644, 34175476, 33045751, 33147622, 33219686, 34755873, 31157825, 32833025, 33084905, 33125077, 33126250, 33219670, 33418085, 34156447, 31950190, 32597311, 33275967, 33581334, 33997360, 34120586, 30055873, 31584089, 33010159, 33554247, 34111777, 34122478, 29617941, 33045745, 30380087, 32990749, 33074314, 33360695, 30223042, 30462313, 33068436, 33175170, 31599330, 33084874, 33175131, 33219685, 33306787, 33170268, 30204897, 30329098, 33219661","AdditiveChem, CHDGKB, ChemHub, circExp, circVAR, CMBD, cncRNAdb, ColorCells, ConoMode, CovalentInDB, dbLGL, EVmiRNA, ETCM, EnDisease, EWAS, FRCD, FertilityOnline, GMrepo, GWAS Atlas, GIMICA, GRNdb, HERB, HVIDB, HFBD, GWH, LncExpDB, KNIndex, LnCeCell, ImmReg, MENDA, MNDR, MeDAS, MASI, MloDisDB, MolluscDB, MicroPhenoDB, mPPI, PCaLiStDB, OncotRF, ncRNAVar, OGP, PCPD, NUCOME, PhoPepMass, PhaSepDB, PROTAC-DB, PMI-DB, PID, PSDX, SCRIPT-MAP, SilencerDB, SymMap, TCRdb, TransCirc, ToxinDB, TSNAdb, Cistrome DB, tsRBase, 2019nCoVR, LSD, OGEE, deepBase, Lnc2Cancer, MetaADEDB, GVM, AnimalTFDB, LncBook, LincSNP"
,China,CN,National Science Foundation,89,54,51,"33068435, 30239679, 30371900, 31680137, 31036810, 30486838, 27391016, 32941621, 33119734, 33174603, 26800861, 27664130, 34010390, 30364992, 31509535, 31841142, 32758136, 26653323, 30535108, 31598675, 26322134, 29206899, 31612915, 32079733, 32986834, 30115014, 34241085, 25382819, 27789569, 30329093, 27188311, 31211398, 31490686, 32719467, 32882008, 33035346, 26227548, 31245720, 31598695, 32386298, 22564364, 32558264, 33021634, 33290552, 33151287, 31680153, 33290554, 28296894, 30395331, 31851420, 33156333, 33170273, 30407594, 31598706","AcrDB, AgBioData, Ancestral Genomes, ANISEED, ASNR, CHESS, D-PLACE, dbCAN-PUL, DescribePROT, Datanator, EchinoDB, ENVO, Echinobase, GPs, GutFeelingKB, GlyMDB, GSDB, iTAP, InteracDome, KnockTF, Metabolic In silico Network Expansions, MOSAIC, MIBiG, MtSSPdb, ModelSEED, PdumBase, OCELOT, ProKinO, PMKB, REDfly, Structure Surfer, SpinachBase, TMB, STAGdb, TBDB, tRFtarget, DOCKGROUND, VPGD, MirGeneDB, MGP Portal, PharmGKB, PDB, NDB, GOC, DrugCentral, Plant Reactome, PANTHER, CDD, InterPro, Gramene, Ensembl"
,China,CN,China Postdoctoral Science Foundation,44,30,30,"30329142, 34345532, 29939204, 33471060, 30289549, 30321400, 30335161, 30380109, 31584099, 32858223, 33264402, 33984507, 29788225, 31713618, 32820322, 28968812, 32159764, 32990748, 30445567, 32111231, 32849839, 30913342, 32990749, 33360695, 34273956, 33175170, 33993461, 31599330, 33306787, 33196801","CancerSEA, CanImmunother, CARDIO-LNCRNAS, Cellinker, CellMarker, EWASdb, EVmiRNA, iEKPD, gutMDisorder, hTFtarget, HERB, HisPhosSite, LnChrom, LncTarD, LncAS2Cancer, MetSigDis, MMHub, miRNASNP-v3, OncoBase, NoncoRNA, RIGD, TPIA, TCRdb, ToxinDB, TCM-Blast, 2019nCoVR, TUPDB, LSD, MetaADEDB, NONCODE"
,China,CN,Fundamental Research Funds for the Central Universities,39,28,28,"32986825, 32681639, 34856391, 32754758, 33009914, 31691822, 31277321, 32008039, 34954426, 35694152, 30380109, 32510565, 33045729, 32367112, 32512182, 33507270, 31504189, 32159764, 33219670, 32105730, 33275967, 30244175, 31161204, 31809863, 33137192, 32709339, 33175170, 33175131","Animal-APAdb, ATdb, CircR2Disease, ConoMode, CoVdb, DrLLPS, GEDS, EPSD, FertilityOnline, EnhFFL, iEKPD, GreenCircRNA, GIMICA, MACSNVdb, IRESbase, InSexBase, MeLAD, MMHub, MolluscDB, ncEP, ncRNAVar, PTMD, PRISMOID, PsyMuKB, Plant-ImputeDB, saponin mass spectrometry database, 2019nCoVR, deepBase"
,China,CN,Chinese Academy of Sciences,83,28,27,"31648087, 29209336, 33104791, 29126995, 30357418, 31584095, 33119759, 28387199, 30196115, 30371881, 31566222, 31811943, 32055858, 34175476, 33045751, 30335176, 31584086, 31620779, 28529082, 30365026, 33175170, 30364952, 31599330, 31670377, 33170268, 33196801, 30329098, 33704069","AdditiveChem, DRDB, DrugSpaceX, FVD, EDK, EWAS, gcType, GSA, HeteroMeth, iDog, GWAS Atlas, GliomaDB, GREG, GWH, LncExpDB, NucMap, PGG.Han, prokaryotic antiviral defense system, RED, Victors, 2019nCoVR, PED, LSD, NPInter, GVM, NONCODE, LncBook"
,China,CN,National Key R&amp;D Program of China,41,24,24,"31665503, 34345532, 30380071, 31603498, 30371881, 31811943, 32858223, 31665439, 32193291, 32512182, 29743053, 29982280, 30445567, 32122231, 30010730, 30380102, 31642469, 31799597, 30546860, 33181826, 31670377, 30407568, 30371818, 33704069","BBCancer, CanImmunother, DSMNC, dbInDel, iDog, GliomaDB, hTFtarget, MaGenDB, LncSpA, IRESbase, PDXliver, PepBDB, OncoBase, ncRPheno, RabGTD, qPhos, PhenoModifier, RNAactDrug, YaTCM, WGVD, NPInter, ICEberg, piRBase, 2019nCoVR"
,China,CN,National Key Research and Development Program,20,13,13,"32294195, 33009914, 31691822, 34097004, 29961817, 32159764, 31584086, 31640808, 32620074, 31021279, 33175170, 33196801, 32406920","ASFVdb, CoVdb, DrLLPS, DevOmics, LncCeRBase, MMHub, PGG.Han, PGG.SNV, TeaCoN, UVGD, 2019nCoVR, NONCODE, AnnoLnc"
,China,CN,Natural Science Foundation of China,35,13,13,"31691822, 31598693, 32008039, 30380109, 34907423, 28529077, 30244175, 32621601, 29157087, 30810209, 32761141, 29351734, 33094321","DrLLPS, EuRBPDB, EPSD, iEKPD, iCAV, PLMD, PTMD, SAGER, THANATOS, Tetrahymena Comparative Genomics Database, SPDB, EOGD, VPTMdb"
,China,CN,Ministry of Science and Technology of the People&apos;s Republic of China,156,10,10,"31813095, 28595571, 34992626, 33382035, 33938221, 33984507, 30134653, 33103271, 27643925, 34344425","CMVdb, CottonFGD, CottonGVD, DIPPER, D3DistalMutation, HisPhosSite, PADFrag, NanDeSyn, StemCellCKB, SorGSD"
,China,CN,Harbin Medical University,9,9,9,"30329142, 30289549, 31665430, 30476305, 31617563, 33045741, 32047897, 33095866, 30407549","CancerSEA, CellMarker, ENdb, LncACTdb, LnCeVar, LncSEA, TRlnc, VARAdb, Lnc2Cancer"
,China,CN,Natural Science Foundation of Heilongjiang Province,9,8,8,"29939204, 28334239, 31665430, 31713618, 30371817, 30184150, 32047897, 30380072","CARDIO-LNCRNAS, coexpressMAP, ENdb, LncTarD, SEdb, TRCirc, TRlnc, LncRNA2Target"
,China,CN,National Key Research Program of China,14,7,7,"30364969, 33119759, 28387199, 30371881, 30252093, 30335176, 31620779","EWAS Atlas, gcType, GSA, iDog, iProX, NucMap, prokaryotic antiviral defense system"
,China,CN,National Science Foundation of China,13,6,6,"31648087, 31598709, 32510565, 30252093, 31231774, 32542382","AdditiveChem, DNMIVD, GreenCircRNA, iProX, Mr.Vc, PRMdb"
,China,CN,China Scholarship Council,6,6,6,"31066443, 28549078, 31637139, 27643925, 33035346, 33051671","DrugComb, HEROD, ncRNA2MetS, StemCellCKB, tRFtarget, StreptomeDB"
,China,CN,International Partnership Program of the Chinese Academy of Sciences,6,6,6,"30364969, 31584095, 28387199, 30371881, 30364952, 33170268","EWAS Atlas, EWAS, GSA, iDog, PED, GVM"
,China,CN,13th Five-year Informatization Plan of Chinese Academy of Sciences,7,6,6,"30364969, 30365027, 31584095, 30371881, 30364952, 33170268","EWAS Atlas, gcMeta, EWAS, iDog, PED, GVM"
,China,CN,the National Natural Science Foundation of China,10,5,5,"27623959, 34964846, 32183712, 29743053, 34154536","BmncRNAdb, COGVIC, CuAS, PDXliver, TeaAS"
,China,CN,National High Technology Research and Development Program of China,6,5,5,"30329142, 29939204, 30289549, 28575155, 30252093","CancerSEA, CARDIO-LNCRNAS, CellMarker, Dynamic-BM, iProX"
,China,CN,Natural Science Foundation of Guangdong Province,5,5,5,"34345532, 29178828, 31524396, 30380102, 32761141","CanImmunother, CrusTF, HybridMolDB, qPhos, SPDB"
,China,CN,National Key R&amp;D Program,9,5,5,"32345360, 32008039, 30380109, 29157087, 31942978","CircAtlas, EPSD, iEKPD, THANATOS, LncRNADisease"
,China,CN,Ministry of Science and Technology,9,5,5,"27365365, 30395277, 33175170, 32898258, 31701128","CIRCpedia, PlantPAN, 2019nCoVR, EXPath, DriverDB"
,China,CN,Shanghai Jiao Tong University,6,5,5,"31887789, 30032758, 31642469, 32221380, 30407568","ETph, HFMDB, PhenoModifier, WeiBI, ICEberg"
,China,CN,Program for Guangdong Introducing Innovative and Entrepreneurial Teams,4,4,4,"31843802, 33406221, 34907423, 33021671","ASRD, iCysMod, iCAV, RMVar"
,China,CN,National Program on Key Basic Research,4,4,4,"30329142, 30289549, 30476305, 30407549","CancerSEA, CellMarker, LncACTdb, Lnc2Cancer"
,China,CN,Beijing Natural Science Foundation,5,4,4,"31428785, 30266409, 29617941, 33306800","CFEA, PlaD, SCRIPT-MAP, CEG"
,China,CN,Shanghai Municipal Science and Technology Major Project,4,4,4,"31504765, 31584086, 31640808, 29617941","GMrepo, PGG.Han, PGG.SNV, SCRIPT-MAP"
,China,CN,CAS,5,3,3,"31648087, 31566222, 33264402","AdditiveChem, GWAS Atlas, HERB"
,China,CN,Natural Science Foundation of Tianjin,3,3,3,"31648087, 31691819, 31598699","AdditiveChem, CAUSALdb, QTLbase"
,China,CN,Huazhong Agricultural University Scientific &amp; Technological Self-innovation Foundation,3,3,3,"31584087, 32986825, 31410488","Animal-ImputeDB, Animal-APAdb, ncRNA-eQTL"
,China,CN,Priority Academic Program Development of Jiangsu Higher Education Institutions,3,3,3,"29321052, 29992323, 31603498","ASGDB, CeleryDB, dbInDel"
,China,CN,Shanghai Sailing Program,3,3,3,"31665428, 33125077, 33306787","ASD, MASI, MetaADEDB"
,China,CN,Shanghai Municipal Education Commission,3,3,3,"31665428, 32941628, 31809863","ASD, IDDB, PsyMuKB"
,China,CN,Zhejiang Provincial Natural Science Foundation of China,3,3,3,"32681639, 34085038, 33287903","ATdb, EyeDiseases, KVarPredDB"
,China,CN,Natural Science Foundation,3,3,3,"33125076, 32193291, 33219685","ATACdb, LncSpA, Lnc2Cancer"
,China,CN,Shanghai Municipal Science and Technology,3,3,3,"33219693, 31647096, 33084874","AtMAD, proGenomes2, OGEE"
,China,CN,Science and Technology Program of Guangzhou,6,3,3,"31665503, 31524396, 30380102","BBCancer, HybridMolDB, qPhos"
,China,CN,Guangdong Introducing Innovative and Entrepreneurial Teams,3,3,3,"31665503, 32496513, 30380102","BBCancer, gutMEGA, qPhos"
,China,CN,National Key Plan for Scientific Research and Development of China,3,3,3,"29985970, 31774482, 32349124","BrainEXP, FluReassort, VirusCircBase"
,China,CN,National Science Fund for Distinguished Young Scholars,3,3,3,"33010176, 31584086, 31640808","CancerImmunityQTL, PGG.Han, PGG.SNV"
,China,CN,Strategic Priority Research Program of the Chinese Academy of Sciences,4,3,3,"26040787, 30364969, 30365027","CARMO, EWAS Atlas, gcMeta"
,China,CN,the National Key Research and Development Program of China,3,3,3,"30045691, 34791105, 34154536","CIGene, HFIP, TeaAS"
,China,CN,Zhejiang Provincial Natural Science Foundation,3,3,3,"33068433, 33264402, 33010159","CovalentInDB, HERB, PROTAC-DB"
,China,CN,Chinese University of Hong Kong,12,3,3,"30380085, 30476229, 30418626","dbAMP, ENPD, dbPTM"
,China,CN,Fundamental Research Funds,3,3,3,"30321400, 31642484, 33095866","EWASdb, SilkDB, VARAdb"
,China,CN,National Programs for High Technology Research and Development,6,3,3,"30357418, 30364969, 30364952","EDK, EWAS Atlas, PED"
,China,CN,Natural Science Foundation of Shanghai,3,3,3,"31504765, 27148975, 33084874","GMrepo, SpinachDB, OGEE"
,China,CN,Beijing Nova Program,3,3,3,"31725860, 31086734, 31021279","HisgAtlas, OsteoporosAtlas, UVGD"
,China,CN,Fundamental Research Funds for the Provincial Universities,4,3,3,"31713618, 32487016, 31799597","LncTarD, ncRI, RNAactDrug"
,China,CN,Heilongjiang Touyan Innovation Team Program,3,3,3,"33219686, 34755873, 33219661","LnCeCell, ImmReg, LincSNP"
,China,CN,International Science &amp; Technology Cooperation Program of China,5,3,3,"28529077, 29617941, 29157087","PLMD, SCRIPT-MAP, THANATOS"
,China,CN,Special Project on Precision Medicine under the National Key R&amp;D Program,3,3,3,"30371815, 30285109, 30364956","TransmiR, LncRNADisease, HMDD"
,Czech Republic,CZ,Ministry of Education,4,3,3,"30247677, 30668638, 30587128","AmtDB, CMEP, PSRN"
,Denmark,DK,Novo Nordisk Fonden,23,18,13,"30357390, 27924032, 33010170, 23143109, 27504778, 31612915, 32079733, 29062930, 34000890, 26476456, 27794045, 33270898, 30395294, 26531826, 29156309, 31696234, 33152079, 25723102","ALEdb, antiSMASH, BiG-FAM, HemaExplorer, GNPS, MIBiG, MtSSPdb, SMBP, TELEMED, BiGG, FANTOM5, GPCRdb, JASPAR"
,Denmark,DK,Novo Nordisk Foundation Center for Protein Research,20,18,11,"31405382, 22058129, 25484339, 28077569, 23203871, 29617745, 33156327, 29036351, 33151287, 24297252, 24293645, 25352553, 26582926, 26590256, 27924014, 30418610, 30476243, 33237311","bio.tools, DistiLD, DISEASES, RAIN, STRING, TISSUES, TCRD, miRandola, DrugCentral, eggNOG, STITCH"
,Denmark,DK,NNF Center for Biosustainability,15,11,7,"30357390, 27924032, 33010170, 27504778, 31612915, 29062930, 26476456, 30395294, 29156309, 31696234, 33152079","ALEdb, antiSMASH, BiG-FAM, GNPS, MIBiG, SMBP, BiGG"
,Denmark,DK,Novo Nordisk Foundation,12,8,7,"33010170, 31612915, 33156327, 33270898, 30395294, 33152079, 30418610, 33237311","BiG-FAM, MIBiG, TCRD, GPCRdb, antiSMASH, eggNOG, STRING"
,Denmark,DK,Villum Fonden,6,6,6,"31405382, 26062809, 32665542, 32976589, 27504778, 28182744","bio.tools, CMRegNet, CoVex, DIGGER, GNPS, OMDB"
,Denmark,DK,Lundbeck Foundation,11,9,5,"23143109, 24304901, 24194598, 27794045, 33270898, 29155946, 29140473, 30664776, 25723102","HemaExplorer, GPCRDB, JASPAR, FANTOM5, GPCRdb"
,EU,EU,European Research Council,59,40,36,"30272193, 28453651, 23486613, 31066443, 33084904, 25352549, 26582924, 27664130, 28245064, 30357379, 34485385, 30967549, 24150937, 24194598, 24253300, 32618424, 22096233, 25378328, 28182744, 24198250, 24275491, 26586809, 26467481, 26339475, 28832569, 28985418, 31171447, 24082050, 31504823, 31647096, 33045721, 33206959, 24297252, 30496475, 28053165, 24234451, 29155946, 26582926, 30395289, 30664776","BACTOME, Cancer PanorOmics, CGOB, DrugComb, DualSeqDB, euL1db, enviPath, ENVO, FRED, EndoDB, Fuzzle, iFISH, LoQAtE, JASPAR, InvFEST, LymphoAtlas, MINAS, MyMpn, OMDB, POGO-DB, PhylomeDB, probeBase, SIGNOR, SwissPalm, SweGen, SysteMHC, SynGO, yApoptosis, WALTZ-DB, proGenomes2, ViruSurf, IntAct, eggNOG, PlanMine, GPCRdb, PRIDE"
,EU,EU,Horizon 2020,41,24,23,"33037820, 31713636, 32976589, 33166383, 34220930, 30357370, 32986834, 35559777, 33647438, 30321422, 31647096, 31696235, 33211851, 33237329, 33270898, 33305318, 30357350, 30395289, 33211869, 30418610, 31680160, 30395270, 31691826, 31722421","Bgee, DisProt, DIGGER, FireProtDB, FAANG, liqDB, ModelSEED, MESOCOSM, PepTherDia, RetroRules, proGenomes2, MGnify, WikiPathways, MobiDB, GPCRdb, PED, Pfam, PRIDE, Rfam, eggNOG, ELM, ENA, Ensembl"
,EU,EU,European Commission FP7,32,19,18,"22080563, 22110040, 22096229, 22096227, 22730453, 21472892, 22139920, 23180794, 22102589, 22135296, 21520333, 22753137, 21702733, 21995777, 22102590, 22135291, 22096232, 22121220, 22086963","CADRE, ELM, InterPro, MINT, MuteinDB, PORCN, SitEx, TFClass, UniPathway, VectorBase, LOVD, ALSoD, BRAD, UniProtKB, Rhea, BioSamples, IntAct, Ensembl"
,EU,EU,European Molecular Biology Laboratory,19,18,17,"34493866, 31647096, 31696235, 30020414, 33206959, 33290552, 31701150, 33270111, 31584097, 33237286, 31680160, 33166387, 30357387, 33156333, 33170273, 31691826, 31722421, 33175160","eQTL, proGenomes2, MGnify, SKEMPI, IntAct, GOC, BioModels, GENCODE, IGSR, UniProtKB, ELM, International Nucleotide Sequence Database Collaboration, ArrayExpress, InterPro, Gramene, Ensembl, ENA"
,EU,EU,European Regional Development Fund,13,11,11,"34244700, 30639529, 32990755, 31713636, 33683131, 33822911, 31584092, 33080028, 33655207, 31263870, 26141515","2DProts, Antimicrobial Enzyme Combinations Database, CSVS, DisProt, MRMAssayDB, MENSAdb, PDBe-KB, Peryton, TMSNP, ValTrendsDB, mirEX"
,EU,EU,Seventh Framework Programme,10,8,8,"28376796, 31095607, 34782688, 27664130, 28086860, 29739837, 27749924, 31647100","AHCODA-DB, CiliaCarta, CyFi-MAP, ENVO, NaDH, NvERTx, SulfAtlas, BGD"
,EU,EU,Open Targets,5,5,5,"34493866, 33237286, 33125078, 33156333, 33170273","eQTL, UniProtKB, Pfam, InterPro, Gramene"
,EU,EU,FEDER,7,4,4,"33068420, 30593925, 31171447, 31680165","chewie-NS, SITVIT2, SynGO, DisGeNET"
,EU,EU,Innovative Medicines Initiative,5,4,4,"34782688, 32707486, 30601939, 31701150","CyFi-MAP, hPSCreg, UbiHub, BioModels"
,EU,EU,European Social Fund,4,4,4,"33119759, 32556221, 30380112, 33367605","gcType, OMEGA-NET, Translocatome, Virxicon"
,EU,EU,European Union,25,4,4,"29385404, 31171447, 29533231, 33175160","TOXsIgN, SynGO, wwPDB, ENA"
,EU,EU,European Bioinformatics Institute,4,4,3,"34493866, 31584089, 31691815, 32486891","eQTL, PhaSepDB, Reactome"
,EU,EU,ELIXIR,3,3,3,"31696235, 33156333, 31722421","MGnify, InterPro, ENA"
,France,FR,Agence Nationale de la Recherche,32,16,16,"30239679, 31680137, 33444113, 31605615, 32618424, 34189203, 28608363, 28791657, 30944327, 34245304, 35559777, 30380106, 31733062, 25740460, 30794542, 33305318","AgBioData, ANISEED, CALR-ETdb, LeGOO, LymphoAtlas, IsoArcH, MiSynPat, MEGALEX, monoterpene indole alkaloid database, MtExpress, MESOCOSM, OrthoInspector, ParameciumDB, PhytoREF, RESPIRE, PED"
,France,FR,Centre National de la Recherche Scientifique,3,3,3,"33709443, 28608363, 34531327","LIMONADA, MiSynPat, T1TAdb"
,France,FR,CNRS,3,3,3,"31680137, 31624845, 31733062","ANISEED, CRISPRCasdb, ParameciumDB"
,France,FR,French National Research Agency,3,3,3,"25065645, 32163115, 30321422","EctoGEM, GRALL, RetroRules"
,France,FR,Fondation pour la Recherche M√©dicale,3,3,3,"28608363, 33206959, 33305318","MiSynPat, IntAct, PED"
,Germany,DE,Deutsche Forschungsgemeinschaft,16,14,14,"34738791, 29198880, 31095607, 32459338, 34699529, 33174596, 29913065, 33749993, 34559210, 27800578, 30714194, 30165582, 34656056, 30256983","AroCageDB, AureoWiki, CiliaCarta, EpiRegio, GH19ED, MitoCarta, OptoBase, OmniPath, QSDB, SCEGRAM, SDRED, Traitpedia, SuperTCM, BacDive"
,Germany,DE,Federal Ministry of Education and Research,8,6,6,"30272193, 32976589, 23607573, 32976578, 31665479, 30256983","BACTOME, DIGGER, PID-NET, TREND-DB, ProteomicsDB, BacDive"
,Germany,DE,Bundesministerium f√ºr Bildung und Forschung,6,5,5,"34931882, 32862462, 34699529, 30418610, 30476243","CoxBase, ExED, GH19ED, eggNOG, STRING"
,Germany,DE,Max-Planck-Gesellschaft,3,3,3,"33169878, 35424258, 34534667","A.P.E.S, MeFSAT, TExAs"
,Germany,DE,Saarland University,3,3,3,"30937442, 30380090, 31691816","Animal sncRNA Atlas, PLSDB, miRPathDB"
,Germany,DE,German Research Foundation,3,3,3,"30272193, 32766702, 33051671","BACTOME, Male Fertility Gene Atlas, StreptomeDB"
,Germany,DE,DFG,12,3,3,"31171447, 32976578, 33211869","SynGO, TREND-DB, Rfam"
,Hungary,HU,Hungarian Academy of Sciences,10,6,6,"29385418, 31713636, 31686102, 29036655, 31612960, 31680160","DIBS, DisProt, FoldamerDB, MFIB, PhaSePro, ELM"
,India,IN,Council of Scientific and Industrial Research,17,13,13,"31958638, 27832200, 27472917, 32219412, 32090260, 28854643, 29129553, 30858555, 30349509, 30307523, 31796964, 29432422, 33112702","BoMiProt, Cancertope, CicerTransDB, circad, HSPMdb, MSDB, mitoepigenomeKB, MorCVD, PanGFR-HM, PVsiRNAdb, PRP, TopicalPdb, LncRBase"
,India,IN,Science and Engineering Research Board,8,8,8,"31958638, 27832200, 34791106, 34793786, 32090260, 35424258, 28961249, 33112702","BoMiProt, Cancertope, database of cancer mutant protein domains, FCCP, HSPMdb, MeFSAT, SWI/SNF Infobase, LncRBase"
,India,IN,Indian Council of Medical Research,6,5,5,"27832200, 29109711, 32345779, 25269378, 32380213","Cancertope, miPepBase, PSCRIdb, SPGDB, TrypInDB"
,India,IN,Department of Biotechnology,5,4,4,"28875065, 29939244, 32829394, 33459764","BioFuelDB, PtRFdb, TGV, SWITCHES"
,India,IN,Department of Science and Technology,5,4,4,"31958638, 32337573, 28498885, 33892308","BoMiProt, MPTherm, PROXiMATE, SAPdb"
,India,IN,University Grants Commission,4,4,4,"32360910, 27832200, 33136065, 29109711","CancerEnD, Cancertope, HPREP, miPepBase"
,India,IN,"Department of Biotechnology, Ministry of Science and Technology",5,4,4,"30703169, 29220464, 30307523, 29432422","HuVarBase, KiPho, PVsiRNAdb, TopicalPdb"
,India,IN,"Department of Biotechnology, Ministry of Science and Technology, India",3,3,3,"32895427, 34025934, 33231322","PCOSKBR2, MycoTRAP-DB, SoyTD"
,Italy,IT,Telethon,7,7,7,"31095607, 21435384, 22804825, 24558125, 22096227, 22415763, 24234451","CiliaCarta, HOCTARdb, HuPho, MANTRA, MINT, Rett Networked Database, IntAct"
,Japan,JP,Japan Society for the Promotion of Science,25,13,13,"22659240, 28234924, 33196844, 33511845, 30046160, 29206899, 23911837, 28481528, 33002111, 30371824, 29668970, 30407557, 29216398","CancerProView, DNApod, dbCNS, FMODB, KampoDB, MOSAIC, PTP-central, PubChemQC, PyDISH, ViBrism, MitoFish, FANTOM5, ATTED-II"
,Japan,JP,Japan Agency for Medical Research and Development,13,10,10,"32026396, 33511845, 29532461, 33740463, 31640730, 33661371, 33179747, 30462320, 33166387, 33156332","BSM-Arc, FMODB, HpBase, ICSCB, NARD, OryzaGenome, jMorp, COXPRESdb, International Nucleotide Sequence Database Collaboration, DDBJ"
,Japan,JP,Japan Science and Technology Agency,12,10,9,"31978081, 33174597, 30046160, 30295851, 33645624, 29668970, 33125071, 30357349, 33156332, 30321428","AOE, GlycoPOST, KampoDB, jPOST, KAIKObase, MitoFish, GlyTouCan, DDBJ, KEGG"
,Japan,JP,"Ministry of Education, Culture, Sports, Science and Technology",6,6,6,"22659240, 29532461, 33002111, 33179747, 33166387, 33156332","CancerProView, HpBase, PyDISH, jMorp, International Nucleotide Sequence Database Collaboration, DDBJ"
,Japan,JP,JSPS,12,5,5,"31680137, 29206899, 28499913, 33211864, 29216398","ANISEED, MOSAIC, Soybean Proteome Database, FANTOM5, ATTED-II"
,Japan,JP,National Bioscience Database Center,4,4,4,"33125081, 30462302, 33125071, 33166387","KEGG, MBGD, GlyTouCan, International Nucleotide Sequence Database Collaboration"
,Korea,KR,National Research Foundation of Korea,16,9,9,"31599923, 26272709, 30418591, 33137185, 23219992, 30733462, 30602089, 31680157, 29156309","BiomeNet, GenomewidePDB, HumanNet, iCSDB, MENT, PFDB, STADIUM, ChimerDB, SMBP"
,Netherlands,NL,Dutch Research Council (NWO),18,14,14,"28376796, 27995664, 23774715, 31095607, 27899646, 29688353, 33439542, 31612915, 33822911, 25352545, 30395294, 26919060, 26496949, 31701148","AHCODA-DB, AraQTL, Autism Brain Imaging Data Exchange, CiliaCarta, FAIRDOMHub, FSD, HDG, MIBiG, MENSAdb, BDB, antiSMASH, MSeqDR, KLIFS, JASPAR"
,Netherlands,NL,Graduate School for Experimental Plant Sciences,3,3,3,"33010170, 31612915, 33152079","BiG-FAM, MIBiG, antiSMASH"
,Norway,NO,Norges Forskningsr√•d,3,3,3,"32632099, 34583740, 28651544","EBRAINS, FPADMET, SalmoBase"
,Poland,PL,Narodowe Centrum Nauki,14,4,4,"32499815, 33502860, 29624889, 26141515","LuluDB, InterMetalDB, PhyMet2, mirEX"
,Portugal ,PT,Funda√ß√£o para a Ci√™ncia e a Tecnologia,11,5,5,"33068420, 31713636, 34782688, 29899596, 33822911","chewie-NS, DisProt, CyFi-MAP, LEGE, MENSAdb"
,Russia,RU,Russian Science Foundation,11,9,7,"34158935, 29401218, 31588507, 31598695, 28011601, 28110602, 33242091, 33231677, 30759212","GEMI, MutHTP, VDJdb, MirGeneDB, CSDB_GT, SitEx, GTRD"
,Saudi Arabia,SA,King Abdullah University of Science and Technology,4,3,3,"33929018, 31160594, 30329098","IBDDB, PathoPhenoDB, LncBook"
,Spain,ES,Instituto de Salud Carlos III,7,5,5,"30715274, 32076423, 33252190, 30357370, 34332522","APID, FHLdb, GRINdb, liqDB, PACHIN"
,Spain,ES,"Ministerio de Ciencia, Innovaci√≥n y Universidades",4,3,3,"33942873, 33655207, 31647096","CANNUSE, TMSNP, proGenomes2"
,Spain,ES,Ministerio de Econom√≠a y Competitividad,3,3,3,"31713636, 30335169, 28943872","DisProt, PopHumanScan, MAHMI"
,Spain,ES,MINECO,3,3,3,"34679164, 30020414, 31680165","T-ARDIS, SKEMPI, DisGeNET"
,Spain,ES,Generalitat de Catalunya,5,5,5,"33942873, 21491493, 30335169, 31608375, 32786900","CANNUSE, Noncoded Amino acids Database, PopHumanScan, GSAD, BCE"
,Sweden,SE,Vetenskapsr√•det,4,4,4,"31713636, 28182744, 32016318, 33539890","DisProt, OMDB, VariBench, FunCoup"
,Switzerland,CH,Swiss National Science Foundation,71,36,30,"32449934, 33037820, 26527719, 31665454, 30357342, 26582924, 27504778, 31353404, 22096233, 33156326, 28086860, 31617559, 24225318, 27899579, 23180783, 26578555, 28985418, 23193254, 32117874, 27899580, 28053161, 31410491, 24270792, 33270111, 33196836, 24234447, 23193273, 33180112, 33174605, 23180791, 27899657, 30664776, 30418610, 30395283, 25378343, 25428351","ASAP, Bgee, CEGA, ChlamDB, CoevDB, enviPath, GNPS, MAdb, MINAS, MetaNetX/MNXref, NaDH, PolyASite, Selectome, SNP2TFBS, SwissRegulon, SugarBindDB, SysteMHC, UCNEbase, GDB17, OrthoDB, GETPrime, ABCD, Gene3D, GENCODE, UniCarbKB, EPD, Europe PMC, OMA, GPCRdb, eggNOG"
,Switzerland,CH,Swiss Institute of Bioinformatics,3,3,3,"33037820, 33174605, 30476243","Bgee, OMA, STRING"
,Switzerland,CH,Swiss Federal Government,3,3,3,"33156326, 33290552, 33237286","MetaNetX/MNXref, GOC, UniProtKB"
,Taiwan,TW,"Ministry of Science and Technology, Taiwan",20,11,11,"28704505, 33035337, 34976312, 34266386, 34025934, 30587128, 28194231, 30846808, 27392072, 30048518, 34384382","CSmiRTar, DockCoV2, LCMD, MitoTox, MycoTRAP-DB, PSRN, SkinSensDB, TACCO, YCRD, YARG, OrchidBase"
,Taiwan,TW,Taiwan Ministry of Science and Technology,9,3,3,"31976536, 29648583, 34285772","HBDB, LipidPedia, Yeast Phosphoinositide-Binding Proteins"
,UK,UK,Biotechnology and Biological Sciences Research Council,528,179,117,"22682155, 22345505, 25414324, 24265221, 33176685, 28708831, 25414348, 27189610, 26794641, 29040563, 32754757, 23180789, 31095607, 25270877, 25348397, 33084893, 23161684, 23203878, 25232097, 21803806, 22080548, 22110040, 22139938, 22912585, 23203866, 25348407, 25361971, 25432969, 26590404, 27899646, 30008982, 30349118, 30357393, 32726198, 34220930, 25189782, 26314736, 26578596, 27189608, 30364992, 22096229, 22494395, 23452239, 23667450, 27484196, 27899604, 28806134, 30252093, 23060735, 24330312, 30418645, 31612915, 33502607, 22674824, 25172923, 25399418, 26476444, 31584092, 32693783, 33749993, 21801404, 21980353, 23674503, 25414340, 25558364, 30053269, 27097230, 29057095, 29228298, 30321422, 33416848, 22121217, 22140109, 23766369, 24194607, 25300487, 25414345, 26123534, 28013278, 22080546, 24304889, 25300491, 26452372, 27899279, 30398663, 31696235, 32548865, 22067447, 23193253, 23203987, 25352543, 25635527, 26673716, 27794045, 27899622, 29112718, 29145643, 30020414, 30423142, 30476227, 31642470, 31724711, 32728249, 33290552, 30395294, 31701150, 26467479, 24297252, 24270792, 31733063, 30298402, 33270111, 25428371, 23109552, 27613420, 29106550, 30445555, 26657633, 26481351, 29858801, 26582919, 24217918, 23203882, 33237286, 24163254, 24316576, 27794554, 30357350, 29927072, 24275495, 28077563, 23193272, 26476458, 30217829, 24214989, 26578585, 27899635, 29140473, 23630246, 30395289, 29858800, 26888907, 30395267, 33125078, 33211869, 22096232, 25428363, 27450113, 30395331, 26615190, 29112716, 30398656, 31701148, 22064864, 29165610, 26527722, 31641782, 26896847, 33106848, 24288371, 25723102, 27980099, 29069413, 27899630, 33156333, 23180798, 33170273, 29155950, 29140475, 30407521, 30395270, 31691826, 31722421, 30395287, 26578574, 33175160, 29092050, 31598706, 22086963","AFFINOMICS, Arabidopsis Network Analysis Pipeline, Araport, ArchDB, AVIMM, biochem4j, BioModels, BioSharing, BRAINS, CAZypedia, CerealsDB, ChEBI, CiliaCarta, CODEX, ComPPI, crisprSQL, dcGO, D(2)P(2, DAA, Gee Fu, ENA, ELM, Gene3D, GenDR, FlyAtlas, Genome3D, GeneFriends, Ensembl Plants, FunTree, FAIRDOMHub, EMDB, GeneATLAS, GENCODE, EnteroBase, FAANG, GOBLET, GlycoMob, HPMC, HLA-ADR, GPs, InterPro, InterStoreDB, LjGEA, LipidHome, iLIR, IPD-MHC, iLIR@viral, iProX, MetaboLights, Marmal-aid, MemProtMD, MIBiG, Missense3D-DB, PCDDB, Naked Mole Rat Genome Resource, OMA, PDBe, PDBe-KB, ORDER, OmniPath, PICCOLO, pubmed2ensembl, PhosphoGRID, PHI-base, PREDICTS, PITDB, SignaFish, SalmoNet, SeedStor, RetroRules, SARS CoV-2, Stem Cell Discovery Engine, TAIR, TIMBAL, TreeFam, Super Natural II, SUPERFAMILY, The Mouse Genomes Project, ThaleMine, International Nucleotide Sequence Database Collaboration, Expression Atlas, TrypanoCyc, WaspAtlas, WormBase ParaSite, CATH, MGnify, UK Immunological Toolbox, Ensembl Genomes, LAMP, Ensembl, RNAcentral, ARN, Pfam, FANTOM5, UniProt, Rfam, MEROPS, SKEMPI, miRBase, BioGRID, WormBase, SCOP, ENCODE, GOC, antiSMASH, eggNOG, AFND, Gramene, PRIDE, UniProtKB, ArrayExpress, GlyTouCan, OAS, JASPAR, IPD, BioSamples, PDB"
,UK,UK,Wellcome Trust,267,152,100,"26586806, 29126148, 23486613, 22718786, 25270877, 25355519, 23868908, 24319146, 22962312, 23074185, 23193291, 25505093, 28299908, 22080548, 22116062, 22139938, 22912585, 23161689, 23175615, 25348407, 25378340, 30008982, 30357393, 32726198, 34493866, 22923302, 23193293, 26342919, 26578596, 27733501, 27976751, 29040670, 23667450, 23998809, 27638885, 21856757, 22080565, 23935057, 30418645, 24229347, 24297257, 25172923, 25399418, 26476444, 31584092, 22363733, 23674503, 24304897, 25361970, 25593348, 28748223, 31598690, 23203869, 24504151, 30481257, 33416848, 24194607, 26123534, 26249811, 26582922, 28985418, 33095862, 22080546, 24194600, 24318814, 25300491, 25348409, 30398663, 30601939, 22067447, 23203987, 23245209, 24214965, 24259432, 25352543, 26673716, 27899622, 28981707, 29145643, 29533231, 30407529, 33206959, 33211879, 33290552, 24150940, 23203883, 24270792, 29161421, 33270111, 29121237, 23087376, 31584097, 26919060, 33952332, 31680154, 26657633, 26481351, 23203882, 24163254, 24316576, 30304474, 27899562, 27794554, 30357350, 24265224, 24311564, 27899567, 27899578, 27903906, 33180112, 27899635, 29140473, 29165655, 30395289, 26888907, 30398643, 33125078, 22086950, 27789705, 27450113, 30395331, 30371878, 29112716, 29761457, 30398656, 33166387, 26527722, 26896847, 25883136, 33106848, 24288371, 25723102, 23125362, 23584835, 23193274, 30357387, 23161678, 33156333, 23180798, 33170273, 29155950, 21936816, 24157837, 25348405, 30407521, 26527717, 31691826, 31722421, 26578574, 33175160, 31598706, 22086963","BreCAN-DB, CCDS, CGOB, ChromoHub, CODEX, COSMIC, CREDO, CSA, DECIPHER, DARNED, DGVa, diXa, DrugAge, ENA, GeneDB, Gene3D, GenDR, GeneTack, EuPathDB, Genome3D, Europe PMC, EMDB, GENCODE, EnteroBase, eQTL, HSPIR, HAGR, Geroprotectors, HPMC, HipSci, Hepitopes, ICTV, LipidHome, LongevityMap, IGSR, modENCODE, modMine, metabolicMine, MemProtMD, NeuroGeM, NECTAR, Naked Mole Rat Genome Resource, OMA, PDBe, PDBe-KB, PrionHome, PhosphoGRID, PPD, PomBase, PlasmoGEM, PhenoPlasm, ProCarbDB, SIFTS, SATuRN, SkeletalVis, SARS CoV-2, TreeFam, The Mouse Genomes Project, SurvCurv, SureChEMBL, SysteMHC, ThermoMutDB, International Nucleotide Sequence Database Collaboration, IMPC, Electronic Mouse Atlas of Gene Expression, TrypanoCyc, Human Disease Ontology, CATH, UbiHub, Ensembl Genomes, Ensembl, HGNC, ChEMBL, RefSeq, RNAcentral, Pfam, UniProt, EPD, MEROPS, wwPDB, BioSamples, IntAct, ArrayExpress, GOC, IUPHAR-DB, MSeqDR, SANCDB, TDR Targets, Expression Atlas, PRIDE, RepeatsDB, InterPro, JASPAR, CARD, PDB, FANTOM5, Rfam, ENCODE, Gramene, UniProtKB"
,UK,UK,Medical Research Council,127,85,62,"29040693, 34528715, 26794641, 31095607, 25270877, 23019048, 21249531, 23529715, 29385418, 31664080, 24174536, 25348407, 26590404, 30008982, 30349118, 30357393, 32726198, 24217912, 25189782, 26578596, 27976751, 29040670, 24194598, 22121219, 23060735, 25542617, 27799474, 29897419, 31504189, 24229347, 24297257, 26476444, 31584092, 22363733, 25593348, 31598690, 26746786, 34844637, 26123534, 29087479, 33095862, 24194600, 24318814, 27899279, 21447597, 24234449, 30407529, 31642470, 31724711, 32728249, 33290552, 24214962, 24270792, 25388151, 31733063, 30298402, 33270111, 31612961, 26531826, 26432830, 23109552, 26919060, 30445555, 24265223, 26935103, 24265224, 22067452, 23650175, 27899567, 29140473, 30398659, 22102590, 22127867, 24194605, 32486891, 27450113, 30395331, 30398656, 31701148, 29069413, 26555599, 23161678, 33156333, 26578574, 31598706","AmyPro, BRAIN UK, BRAINS, CiliaCarta, CODEX, CRCgene, DIADEM, Database of Instruments for Resource Use Measurement, DIBS, dendPoint, GeneProf, Genome3D, FunTree, EMDB, GeneATLAS, GENCODE, EnteroBase, HPO, GOBLET, HPMC, Hepitopes, ICTV, JASPAR, MitoMiner, MetaboLights, MSeqDR, mirDNMR, MARDy, MeLAD, NeuroGeM, NECTAR, PDBe, PDBe-KB, PrionHome, PlasmoGEM, ProCarbDB, RVS, recount3, The Mouse Genomes Project, STCRDab, ThermoMutDB, IMPC, Electronic Mouse Atlas of Gene Expression, WormBase ParaSite, UniProtKB, FlyBase, BioSamples, WormBase, SCOP, ENCODE, GOC, ELM, Gene3D, EVpedia, GWAS Central, SUPERFAMILY, CARD, Reactome, PDB, InterPro, dbNSFP, Ensembl"
,UK,UK,Cancer Research UK,29,18,16,"32507889, 25270877, 23019048, 24122843, 26590264, 31504189, 31584092, 22544707, 26123534, 26826444, 24163255, 25332396, 33237329, 25414341, 29059374, 26578585, 29858800, 31680160","articles.ELM, CODEX, CRCgene, HTS-DB, MutationAligner, MeLAD, PDBe-KB, SNPnexus, The Mouse Genomes Project, IPD-IMGT/HLA, PED, BCCTBbp, MobiDB, IPD, Gene3D, ELM"
,UK,UK,British Heart Foundation,25,22,14,"22123736, 24217912, 26314736, 22954629, 23619930, 24297257, 31584092, 22881376, 27899622, 25378336, 23087376, 33237286, 24234451, 27899567, 22102590, 30395267, 30395331, 23161681, 23161678, 24253303, 25348405, 30395287","GOA, HPO, GlycoMob, MaConDa, MRIdb, NECTAR, PDBe-KB, UCL LDLR, UniProt, IUPHAR-DB, UniProtKB, IntAct, GOC, RNAcentral"
,UK,UK,Natural Environment Research Council,19,12,12,"26820405, 33167031, 25189782, 21707958, 29897419, 33084905, 23193267, 25558364, 25740460, 30094004, 25025376, 26578574","Biosurveillance Analytics Resource Directory, COG, GOBLET, Littorina sequence database, MARDy, MeDAS, PR(2, PREDICTS, PhytoREF, SuperbaSE, tropiTree, Ensembl"
,UK,UK,Engineering and Physical Sciences Research Council,21,11,11,"27246819, 27899646, 30418645, 31584092, 24214988, 25414345, 29316788, 24214965, 34655133, 30395294, 31740968","BioHub, FAIRDOMHub, MemProtMD, PDBe-KB, SAbDab, SUPERFAMILY, SynBioHub, ChEMBL, OAS, antiSMASH, SEVA-DB"
,UK,UK,Parkinson's UK,5,5,4,"27899622, 25378336, 27899567, 30395331, 25348405","UniProt, GOA, GOC, UniProtKB"
,UK,UK,Cystic Fibrosis Trust,4,3,3,"34782688, 31598690, 33416848","CyFi-MAP, ProCarbDB, SARS CoV-2"
,UK,UK,UK Royal Society-Newton Advanced Fellowship,3,3,3,"31584086, 31640808, 33175170","PGG.Han, PGG.SNV, 2019nCoVR"
NIH,US,US,NIGMS NIH HHS,571,255,220,"28977551, 27507885, 32765587, 22760305, 23774715, 25378330, 25516260, 23087378, 25414348, 29637199, 24214957, 24994456, 27050421, 25392415, 29509874, 23794735, 27701074, 23185041, 24470572, 30486838, 23203874, 29092931, 23661693, 32073269, 25333826, 32890396, 26602695, 23172289, 23264352, 24225319, 25887129, 25951377, 26019122, 26030752, 26503248, 26503254, 26946289, 27907889, 30053267, 31612957, 33119734, 33174603, 33995899, 21177656, 21994220, 22748121, 23143106, 23197660, 23245398, 23794736, 24928188, 25399415, 26780094, 27141961, 29337142, 29890119, 30008982, 30407583, 30951672, 31642488, 21450710, 22846459, 23104379, 23118488, 23504933, 23958730, 25971743, 26212453, 27504778, 30418591, 31841142, 33119754, 33125055, 33973408, 21177658, 22058127, 22096229, 22570419, 23599502, 23991755, 24002112, 24194598, 25166490, 25707505, 26173699, 26362267, 26582920, 27789704, 27841751, 28150246, 28592645, 30397019, 30535108, 32502232, 22146221, 22701463, 23044546, 23143105, 23875173, 25098325, 25378301, 25559128, 26527726, 26590264, 29126312, 29155944, 29206899, 29284660, 30268942, 31679514, 31754718, 33174596, 22712730, 22833564, 24271386, 24271398, 24406170, 24939129, 25102069, 26476444, 26615193, 27152146, 29106626, 29487113, 31584092, 33361798, 21993301, 22086960, 22559792, 23193263, 23426257, 23624946, 24163250, 24227675, 24304897, 25392411, 26112452, 27026615, 28365761, 29069441, 29575358, 30357353, 30985146, 21472436, 22127861, 22140105, 22976082, 24060102, 24194593, 24271399, 25309735, 25414355, 26138588, 26527724, 27010673, 29222504, 29733404, 30202870, 30329093, 31494246, 32345346, 32785571, 34514416, 34844637, 21253873, 23118483, 24223973, 24225317, 25392422, 27188311, 28985418, 30871473, 31240309, 21276248, 22064863, 22067444, 22135298, 23226127, 23550210, 24243849, 24285306, 25392405, 26227548, 26590254, 27899583, 33211851, 21447597, 23730305, 23868073, 24185695, 24304899, 24356117, 25428361, 26578587, 26590263, 27899622, 27924039, 28160322, 29059334, 30668832, 31665425, 32558264, 32728249, 33290552, 33305318, 34314492, 34529321, 31701150, 30407596, 23494302, 33270111, 29145615, 30417254, 31504780, 30053264, 25501940, 26546518, 25514926, 24259431, 32621232, 33237286, 25326323, 27914894, 23175613, 24270788, 22067456, 22102576, 23042674, 26553799, 24214955, 27515742, 23476021, 27899567, 25378335, 26476458, 27899635, 27924014, 28891124, 28713666, 30395289, 22102590, 27651457, 26578592, 22127867, 27450113, 30395331, 29106616, 33125071, 30476243, 23161681, 24253303, 25348405, 23193289, 26519399, 30395287","AAgMarker, ADPriboDB, Analysis of Breast Cancer GWAS, AraPath, Autism Brain Imaging Data Exchange, Binding MOAD, Bioclock, BioLiP, BioModels, BiOnIC, bNAber, BorreliaBase, C-terminome, Cancer3D, CarbonylDB, CARLSBAD, CeNDR, ChemProt-2.0, ChEpiMod, CHESS, CIL-CCDB, Cistrome Cancer, CMAP, COLMAR Lipids, Complex Mixture Analysis by NMR, CoV3D, CRN, dictyBase, DegraBase, DNASU, dbVOR, DeTEXT, DX, DMD, dbMAE, Digital Development, dbPEC, denovo-db, dbCAN-seq, DNAproDB, DescribePROT, Datanator, DRscDB, Gene Expression Barcode, FlyExpress, Genes2FANs, EcoCyc, EcoGene, Genome-Wide Docking Database, ESCAPE, FreeSolv, GenoBase, GenomeSpace, Enrichr, Express, FlyXCDB, EMDB, FusionGDB, exRNA Atlas, ExonSkipDB, hmChIP, HINT, GFDB, HEXEvent, Human Proteinpedia, HippDB, GLASS, Histone Antibody Specificity Database, GNPS, HumanNet, GlyMDB, HeRA, HbVar, hu.MAP, IsoBase, MACiE, InterPro, LAHEDES, INstruct, IIMDB, M2SG, JASPAR, isoMETLIN, IIIDB, IMG-ABC, ImmuNet, iGNM, KERIS, IRRMC, iPTMnet, ISVdb, iProteinDB, InteracDome, LabxDB, MnM, Medicago PhosphoProtein Database, miR-EdiTar, MonarchBase, MelanomaDB, MediaDB, miRDB, MUFOLD-DB, MouseNet, MutationAligner, Met-DB, MIST, MOSAIC, ModERN, MiPanda, MaveDB, MiST, MitoCarta, PeanutDB, NESdb, OnTheFly, NeXO, PeptiSite, PeptideAtlas, Panorama, PDBe, PDBFlex, NCRO, PAMBD, Panorama Public, PDBe-KB, Open Cancer TherApeutic Discovery, Polbase, PrimerBank, PKKB, PrePPI, Planform, PMP, RADAR--a, PhosphoNetworks, PPD, PyIgClassify, PlantOrDB, PheKB, PhagesDB, PolyA_DB, ProtaBank, piRTarBase, ProteinExplorer, SBKB, RNA CoSSMos, ScerTF, RMDB, RegPrecise, SelenoDB, SFLD, SkateBase, rrnDB, SmedGD, RegulonDB, SM-TF, RNA Structurome Database, SPAR, SequencEnG, REDfly, SliceIt, REPIC, SELAdb, SCISSOR√É¬É√Ç¬É√É¬Ç√Ç¬¢√É¬É√Ç¬Ç√É¬Ç√Ç¬à√É¬É√Ç¬Ç√É¬Ç√Ç¬ö√É¬É√Ç¬É√É¬Ç√Ç¬É√É¬É√Ç¬Ç√É¬Ç√Ç¬â√É¬É√Ç¬É√É¬Ç√Ç¬Ç√É¬É√Ç¬Ç√É¬Ç√Ç¬¨√É¬É√Ç¬É√É¬Ç√Ç¬É√É¬É√Ç¬Ç√É¬Ç√Ç¬â√É¬É√Ç¬É√É¬Ç√Ç¬¢√É¬É√Ç¬Ç√É¬Ç√Ç¬à√É¬É√Ç¬Ç√É¬Ç√Ç¬ö√É¬É√Ç¬É√É¬Ç√Ç¬É√É¬É√Ç¬Ç√É¬Ç√Ç¬á√É¬É√Ç¬É√É¬Ç√Ç¬Ç√É¬É√Ç¬Ç√É¬Ç√Ç¬¨√É¬É√Ç¬É√É¬Ç√Ç¬É√É¬É√Ç¬Ç√É¬Ç√Ç¬â√É¬É√Ç¬É√É¬Ç√Ç¬¢√É¬É√Ç¬Ç√É¬Ç√Ç¬à√É¬É√Ç¬Ç√É¬Ç√Ç¬ö√É¬É√Ç¬É√É¬Ç√Ç¬É√É¬É√Ç¬Ç√É¬Ç√Ç¬â√É¬É√Ç¬É√É¬Ç√Ç¬Ç√É¬É√Ç¬Ç√É¬Ç√Ç¬¨√É¬É√Ç¬É√É¬Ç√Ç¬É√É¬É√Ç¬Ç√É¬Ç√Ç¬á√É¬É√Ç¬É√É¬Ç√Ç¬¢√É¬É√Ç¬Ç√É¬Ç√Ç¬à√É¬É√Ç¬Ç√É¬Ç√Ç¬ö√É¬É√Ç¬É√É¬Ç√Ç¬É√É¬É√Ç¬Ç√É¬Ç√Ç¬á√É¬É√Ç¬É√É¬Ç√Ç¬Ç√É¬É√Ç¬Ç√É¬Ç√Ç¬¨√É¬É√Ç¬É√É¬Ç√Ç¬É√É¬É√Ç¬Ç√É¬Ç√Ç¬â√É¬É√Ç¬É√É¬Ç√Ç¬¢√É¬É√Ç¬Ç√É¬Ç√Ç¬à√É¬É√Ç¬Ç√É¬Ç√Ç¬ö√É¬É√Ç¬É√É¬Ç√Ç¬É√É¬É√Ç¬Ç√É¬Ç√Ç¬â√É¬É√Ç¬É√É¬Ç√Ç¬Ç√É¬É√Ç¬Ç√É¬Ç√Ç¬¨√É¬É√Ç¬É√É¬Ç√Ç¬É√É¬É√Ç¬Ç√É¬Ç√Ç¬â√É¬É√Ç¬É√É¬Ç√Ç¬¢√É¬É√Ç¬Ç√É¬Ç√Ç¬à√É¬É√Ç¬Ç√É¬Ç√Ç¬ö√É¬É√Ç¬É√É¬Ç√Ç¬É√É¬É√Ç¬Ç√É¬Ç√Ç¬á√É¬É√Ç¬É√É¬Ç√Ç¬Ç√É¬É√Ç¬Ç√É¬Ç√Ç¬¨√É¬É√Ç¬É√É¬Ç√Ç¬É√É¬É√Ç¬Ç√É¬Ç√Ç¬á√É¬É√Ç¬É√É¬Ç√Ç¬¢√É¬É√Ç¬Ç√É¬Ç√Ç¬à√É¬É√Ç¬Ç√É¬Ç√Ç¬ö√É¬É√Ç¬É√É¬Ç√Ç¬É√É¬É√Ç¬Ç√É¬Ç√Ç¬â√É¬É√Ç¬É√É¬Ç√Ç¬Ç√É¬É√Ç¬Ç√É¬Ç√Ç¬¨√É¬É√Ç¬É√É¬Ç√Ç¬É√É¬É√Ç¬Ç√É¬Ç√Ç¬á√É¬É√Ç¬É√É¬Ç√Ç¬¢√É¬É√Ç¬Ç√É¬Ç√Ç¬à√É¬É√Ç¬Ç√É¬Ç√Ç¬ö√É¬É√Ç¬É√É¬Ç√Ç¬É√É¬É√Ç¬Ç√É¬Ç√Ç¬á√É¬É√Ç¬É√É¬Ç√Ç¬Ç√É¬É√Ç¬Ç√É¬Ç√Ç¬¨√É¬É√Ç¬É√É¬Ç√Ç¬É√É¬É√Ç¬Ç√É¬Ç√Ç¬â√É¬É√Ç¬É√É¬Ç√Ç¬¢√É¬É√Ç¬Ç√É¬Ç√Ç¬à√É¬É√Ç¬Ç√É¬Ç√Ç¬ö√É¬É√Ç¬É√É¬Ç√Ç¬É√É¬É√Ç¬Ç√É¬Ç√Ç¬â√É¬É√Ç¬É√É¬Ç√Ç¬Ç√É¬É√Ç¬Ç√É¬Ç√Ç¬¨√É¬É√Ç¬É√É¬Ç√Ç¬É√É¬É√Ç¬Ç√É¬Ç√Ç¬â√É¬É√Ç¬É√É¬Ç√Ç¬¢√É¬É√Ç¬Ç√É¬Ç√Ç¬à√É¬É√Ç¬Ç√É¬Ç√Ç¬ö√É¬É√Ç¬É√É¬Ç√Ç¬É√É¬É√Ç¬Ç√É¬Ç√Ç¬á√É¬É√Ç¬É√É¬Ç√Ç¬Ç√É¬É√Ç¬Ç√É¬Ç√Ç¬¨√É¬É√Ç¬É√É¬Ç√Ç¬É√É¬É√Ç¬Ç√É¬Ç√Ç¬â√É¬É√Ç¬É√É¬Ç√Ç¬¢√É¬É√Ç¬Ç√É¬Ç√Ç¬à√É¬É√Ç¬Ç√É¬Ç√Ç¬ö√É¬É√Ç¬É√É¬Ç√Ç¬É√É¬É√Ç¬Ç√É¬Ç√Ç¬â√É¬É√Ç¬É√É¬Ç√Ç¬Ç√É¬É√Ç¬Ç√É¬Ç√Ç¬¨√É¬É√Ç¬É√É¬Ç√Ç¬É√É¬É√Ç¬Ç√É¬Ç√Ç¬á√É¬É√Ç¬É√É¬Ç√Ç¬¢√É¬É√Ç¬Ç√É¬Ç√Ç¬à√É¬É√Ç¬Ç√É¬Ç√Ç¬ö√É¬É√Ç¬É√É¬Ç√Ç¬É√É¬É√Ç¬Ç√É¬Ç√Ç¬á√É¬É√Ç¬É√É¬Ç√Ç¬Ç√É¬É√Ç¬Ç√É¬Ç√Ç¬¨√É¬É√Ç¬É√É¬Ç√Ç¬É√É¬É√Ç¬Ç√É¬Ç√Ç¬á√É¬É√Ç¬É√É¬Ç√Ç¬¢√É¬É√Ç¬Ç√É¬Ç√Ç¬à√É¬É√Ç¬Ç√É¬Ç√Ç¬ö√É¬É√Ç¬É√É¬Ç√Ç¬É√É¬É√Ç¬Ç√É¬Ç√Ç¬â√É¬É√Ç¬É√É¬Ç√Ç¬Ç√É¬É√Ç¬Ç√É¬Ç√Ç¬¨√É¬É√Ç¬É√É¬Ç√Ç¬É√É¬É√Ç¬Ç√É¬Ç√Ç¬â√É¬É√Ç¬É√É¬Ç√Ç¬¢√É¬É√Ç¬Ç√É¬Ç√Ç¬à√É¬É√Ç¬Ç√É¬Ç√Ç¬ö√É¬É√Ç¬É√É¬Ç√Ç¬É√É¬É√Ç¬Ç√É¬Ç√Ç¬á√É¬É√Ç¬É√É¬Ç√Ç¬Ç√É¬É√Ç¬Ç√É¬Ç√Ç¬¨√É¬É√Ç¬É√É¬Ç√Ç¬É√É¬É√Ç¬Ç√É¬Ç√Ç¬á√É¬É√Ç¬É√É¬Ç√Ç¬¢√É¬É√Ç¬Ç√É¬Ç√Ç¬à√É¬É√Ç¬Ç√É¬Ç√Ç¬ö√É¬É√Ç¬É√É¬Ç√Ç¬É√É¬É√Ç¬Ç√É¬Ç√Ç¬â√É¬É√Ç¬É√É¬Ç√Ç¬Ç√É¬É√Ç¬Ç√É¬Ç√Ç¬¨√É¬É√Ç¬É√É¬Ç√Ç¬É√É¬É√Ç¬Ç√É¬Ç√Ç¬á√É¬É√Ç¬É√É¬Ç√Ç¬¢√É¬É√Ç¬Ç√É¬Ç√Ç¬à√É¬É√Ç¬Ç√É¬Ç√Ç¬ö√É¬É√Ç¬É√É¬Ç√Ç¬É√É¬É√Ç¬Ç√É¬Ç√Ç¬á√É¬É√Ç¬É√É¬Ç√Ç¬Ç√É¬É√Ç¬Ç√É¬Ç√Ç¬¨√É¬É√Ç¬É√É¬Ç√Ç¬Ç√É¬É√Ç¬Ç√É¬Ç√Ç¬¢, recount3, TGED, Spliceosome, SWEETLEAD, TCDB, tRFdb, Structure Surfer, SysteMHC, TADKB, TCR3d, ZFNGenome, EcoliWiki, zfishbook, PhosphoSitePlus, UCLA Multimodal Connectivity Database, cBioPortal, P(3)DB, PortEco, non-human primate reference transcriptome resource, DOCKGROUND, UET, XTalkDB, WikiPathways, UniProtKB, SGR, PANTHER, NDB, SCOPe, dbSNP, GRASP, BioGPS, Lynx, UniProt, FlyRNAi, ATLAS, MetaCyc, DASHR, TFBSshape, PDB, ENCODE, GOC, PED, GlyTouCan, antimicrobial peptide database, GENCODE, iSyTE, VIOLIN, CTD, LNCipedia, EnhancerAtlas, PLncDB, MeT-DB, STRING, Gramene, PRIDE, FlyBase, MODOMICS"
NIH,US,US,NCI NIH HHS,281,137,127,"20949389, 32765587, 31586392, 22760305, 33037820, 24214957, 34903605, 25392415, 25190456, 26519468, 23893318, 33086069, 24470572, 30486838, 30202990, 26450965, 29092931, 30668638, 23630576, 33095860, 23197658, 23264352, 23550061, 24122041, 25990557, 26503248, 26503254, 29485625, 30371892, 33787872, 21177656, 22110038, 23340253, 26780094, 27141961, 28453687, 30407583, 30951672, 31642488, 21591763, 22165817, 22846459, 23118488, 25971743, 26212453, 30247654, 30418591, 31509535, 22570419, 23599502, 29136207, 30535108, 34127402, 21546393, 23044546, 25332399, 26590264, 27907895, 29126312, 29155944, 29284660, 30268942, 31588509, 32986834, 33174596, 33514395, 34349127, 21491493, 22517761, 23196988, 24271386, 25102069, 25527095, 26072489, 26578589, 27152146, 29186335, 31584092, 31647099, 33245774, 33442735, 21656910, 23193263, 24227675, 24304897, 27789569, 29077937, 32358997, 24194593, 27377064, 29059366, 32345346, 34014674, 22121217, 22786849, 24013925, 25392422, 26208906, 27168721, 27733502, 28985418, 29036590, 29092939, 30053266, 33156327, 21276248, 22135298, 23066107, 23110975, 23550210, 26590259, 27789702, 30462313, 27794042, 27924039, 31691815, 32728249, 33290552, 33849445, 33151287, 26302176, 25514926, 26590405, 31308250, 29136208, 25414341, 33290554, 27899562, 24163257, 27587585, 25378335, 24285300, 25428374, 25348401, 26578600, 27899570, 29092072","ACSR, Analysis of Breast Cancer GWAS, APAatlas, AraPath, Bgee, bNAber, Cancer-Immu, Cancer3D, CCGD, ccmGDB, CDSA, CellMiner-SCLC, ChEpiMod, CHESS, ChIPprimersDB, CircNet, Cistrome Cancer, CMEP, CMS, CNCDatabase, DGA, DegraBase, curatedOvarianData, DGIdb, DSigDB, dbMAE, Digital Development, Datasets2Tools, DrugCentral, Drugmonizome, Gene Expression Barcode, GeneSigDB, EDR, GenomeSpace, Enrichr, GDISC, FusionGDB, exRNA Atlas, ExonSkipDB, GlycoFish, HOMER, HINT, HEXEvent, GLASS, Histone Antibody Specificity Database, HACER, HumanNet, GutFeelingKB, LAHEDES, INstruct, LinkedOmics, InteracDome, Immu-Mela, MSigDB, miR-EdiTar, MTB, MutationAligner, mutLBSgeneDB, Met-DB, MIST, ModERN, MiPanda, MutEx, ModelSEED, MitoCarta, MPM, MiREDiBase, Noncoded Amino acids Database, NGS, NURBS, OnTheFly, Panorama, NetGestalt, PAGER, ORegAnno, NCRO, OncoPPi, PDBe-KB, Pathway Commons, PAGER-CoV, O-GlcNAcAtlas, QuAD, PrePPI, PhosphoNetworks, PPD, PMKB, PICKLES, ProNetView-ccRCC, SelenoDB, RID, SBCDDB, REPIC, SistematX, Stem Cell Discovery Engine, Transcriptomine, targetHub, tRFdb, TANRIC, TCCR, SZGR, SysteMHC, TissGDB, TCPA, TC3A, TCRD, ZFNGenome, PhosphoSitePlus, TSGene, MGI, cBioPortal, UCSC Genome Browser, Cistrome, Cistrome DB, RCSB PDB, FlyRNAi, Reactome, ENCODE, GOC, TANTIGEN, MPD, IPD, PANTHER, ChEMBL, GXD, REDIportal, MeT-DB, MGD"
NIH,US,US,NHGRI NIH HHS,422,194,120,"30371900, 30534948, 25477388, 21233089, 29637199, 29126148, 22140108, 24470572, 30486838, 23508969, 26855883, 23172289, 24122041, 27766955, 27907889, 31612957, 32227657, 33995899, 21994220, 22110038, 23161689, 23203885, 24243844, 26780094, 27664130, 30357393, 21450710, 22064851, 22123736, 24217912, 26673694, 28967693, 30445434, 34859531, 22792232, 27841751, 21856757, 22080565, 22140101, 24203705, 25542617, 26656948, 29155944, 29206899, 29284660, 31679514, 24939129, 25428349, 26578589, 29487113, 31647099, 21624156, 23378291, 24163250, 24227675, 27026615, 27799469, 28862395, 22140105, 23203869, 26097510, 29040625, 32345346, 22140109, 23197656, 26516187, 29092939, 30052772, 30053266, 34154643, 22067444, 22075990, 22080546, 22736877, 23110975, 24194600, 24267744, 25348409, 25378322, 25392405, 26590259, 30462313, 31283070, 21447597, 22102583, 22110037, 23074187, 23203987, 23245209, 24007337, 24234449, 25214827, 25352543, 26612867, 27794045, 27899622, 28150237, 29069475, 29077884, 29112718, 29145643, 31642470, 31665425, 31691815, 32728249, 33021634, 33261662, 33290552, 34387941, 23494302, 33270111, 25378336, 31584097, 26919060, 31680153, 23175610, 26481351, 33221922, 24217918, 33237286, 23487186, 27899582, 24316576, 30304474, 33290554, 26935103, 21672956, 27794554, 33436076, 30357350, 23161672, 22067452, 24214955, 27515742, 31713622, 23193272, 21520341, 27899567, 24285300, 34698891, 25428374, 28713666, 22102590, 24265222, 28838067, 26578592, 22127867, 30395267, 23203985, 23143107, 33211869, 24194605, 32486891, 29126249, 25361974, 23843252, 30395331, 30398656, 25348401, 29165610, 23161681, 33170210, 33106848, 22135293, 25414346, 29069413, 29145629, 23193274, 26555599, 23161678, 26578600, 33170273, 24253303, 29140510, 30407545, 29155950, 30407594, 22012987, 27899570, 25348405, 26097180, 30407521, 24243840, 29092072, 26519399, 26631132, 31691826, 26087747, 30407599, 30395287, 33231642, 29761460, 22086963, 34741192","Ancestral Genomes, atSNP, BARD, BIND, BiOnIC, CCDS, CharProtDB, ChEpiMod, CHESS, CistromeFinder, CressInt, dictyBase, DGIdb, e-GRASP, denovo-db, DNAproDB, dbMTS, DRscDB, FlyExpress, GeneSigDB, GeneTack, factorbook, FireDB, GenomeSpace, ENVO, GENCODE, hmChIP, HaploReg, GOA, HPO, GtRNAdb, HUMA, GWAS, gnomAD, Integrated Microbial Genomes and Metagenomes, IRRMC, modENCODE, modMine, MethylomeDB, MetaRef, MSeqDR, MG-RAST, MIST, MOSAIC, ModERN, MaveDB, PeptideAtlas, OMIM, ORegAnno, Panorama Public, Pathway Commons, PHARE-KB, PhenoDB, RADAR--a, PhosphoNetworks, PheKB, Plant Reactome, PMS_DN, ScerTF, SIFTS, SANCDB, RISE, REPIC, TAIR, TIGRFAMs, SynLethDB, TCPA, Terabase, TC3A, TE Hub, zfishbook, MGD, International Nucleotide Sequence Database Collaboration, KB, MGI, IMPC, VTO, Human Disease Ontology, UniPROBE, non-human primate reference transcriptome resource, UCSC Genome Browser, Cistrome DB, VIPdb, UniProtKB, MPD, SGD, ZFIN, Ensembl, HGNC, GRASP, FlyBase, BioPortal, RNAcentral, Dfam, FANTOM5, UniProt, UniCarbKB, APPRIS, HEDD, Rfam, MEROPS, WormBase, TFBSshape, Reactome, ENCODE, NDB, dbNSFP, GOC, PharmGKB, IGSR, Expression Atlas, Gramene, PANTHER, Pfam, EnhancerAtlas, ArrayExpress, ChiTaRS, InterPro, GOLD, RGD"
NIH,US,US,National Institutes of Health,195,126,115,"30239679, 33401309, 30371900, 32765587, 31586392, 27193158, 30534948, 29509874, 31210271, 30668638, 33095860, 32392296, 33167031, 30357367, 32890396, 31725864, 33211888, 30371892, 31612957, 33079988, 33119734, 33174603, 33787872, 29337142, 29890119, 30407583, 31642488, 28967693, 29028885, 30418591, 30445434, 31841142, 33119754, 27841751, 30535108, 31701147, 33137204, 33166392, 25542617, 26322134, 28490127, 29206899, 30764761, 30841849, 31042284, 31612915, 31679514, 31754718, 33174596, 31566225, 31647099, 33442735, 27789569, 28365761, 28862395, 30805645, 27010673, 30202870, 30329093, 31494246, 31950189, 31240309, 31490686, 33035346, 33156327, 33729437, 34522848, 26227548, 31598702, 31680168, 31837751, 32386298, 26434508, 28160322, 30476227, 31665425, 31691815, 31740966, 32558264, 33104772, 33290552, 33305318, 34366563, 34387941, 33151287, 33270111, 31114900, 31584097, 31504780, 26919060, 31680153, 33221922, 33237286, 33290554, 27914894, 30357350, 31713622, 28280852, 31777943, 30395289, 31696236, 30398643, 30395331, 33125071, 31777944, 30476243, 33166387, 33170210, 29846728, 33270901, 33106848, 33156333, 33170273, 30371825, 30407545, 30407594, 32128557, 33151290, 33068428, 30407521, 31691826, 30407599, 30395287, 33231642, 31598706, 31713623","AgBioData, ADeditome, Ancestral Genomes, Analysis of Breast Cancer GWAS, APAatlas, ASL-LEX, atSNP, CarbonylDB, Chickspress, CMEP, CNCDatabase, CoCoCoNet, COG, CORUM, CoV3D, CRAFT, CSEA-DB, DrugCentral, DNAproDB, DKK, DescribePROT, Datanator, Drugmonizome, Express, FlyXCDB, FusionGDB, ExonSkipDB, HUMA, HoTResDB, HumanNet, GWAS, GlyMDB, HeRA, IRRMC, InteracDome, LINCS, KinaseMD, LitCovid, MSeqDR, Metabolic In silico Network Expansions, Milk bioactive peptide database, MOSAIC, MDB, mGAP, Microbiome Learning Repo, MIBiG, MaveDB, MiST, MitoCarta, OGRDB, Pathway Commons, O-GlcNAcAtlas, PMKB, PhagesDB, PMS_DN, PKAD, SM-TF, SequencEnG, REDfly, SliceIt, RNA Characterization of Secondary Structure Motifs, TCR3d, TMB, tRFtarget, TCRD, TIE, ToppCell, DOCKGROUND, VISDB, TSEA-DB, VetCOT, MGP Portal, ExoCarta, ATLAS, BioGRID, TFBSshape, Reactome, EnhancerAtlas, PDB, GXD, GOC, PED, DSLD, PharmGKB, GENCODE, IEDB-AR, IGSR, miRDB, Plant Reactome, UCSC Genome Browser, UniProtKB, PANTHER, SCOPe, Pfam, ENCODE, TANTIGEN, ClinVar, PRIDE, MPD, ChEMBL, GlyTouCan, CDD, STRING, International Nucleotide Sequence Database Collaboration, ZFIN, CTD, RefSeq, RNAcentral, InterPro, Gramene, PubChem, SGD, Ensembl, MGD, RGD"
NIH,US,US,Intramural NIH HHS,68,62,46,"22084196, 22139929, 23203889, 23197659, 33086069, 24016071, 28383342, 26582918, 23193260, 25428365, 26438539, 23193291, 24297256, 25010047, 22102591, 22139925, 23193258, 23193275, 24558441, 25982314, 31600197, 21873645, 25220766, 22139910, 23093593, 26048622, 22102570, 31103066, 23044550, 23284744, 32027495, 21177655, 22080546, 23180778, 24304891, 25392405, 22140110, 23696674, 24259432, 24319143, 25352543, 25414350, 25428361, 34366563, 25414356, 27008011, 26302176, 26657633, 23203872, 24198245, 26553804, 22135289, 23193287, 24931982, 29927072, 30774152, 26400175, 31851420, 23180798, 24316578, 25510495, 22121212","BGMUT, BioProject, Bookshelf, CDD, CellMiner-SCLC, CellMinerHCC, CHEAR, ClinVar, Clone, COGs, CRISPRz, DGVa, dbGaP, GBM-BioDP, IBIS, GWASdb, GEO, GTR, HTD, GermlncRNA, iCite, iRefIndex, LabeledIn, NCBI Taxonomy, PaVE, PedsDTI, ProPortal, Placental Atlas Tool, SemMedDB, StRAP, tautomeric, COMBREX, International Nucleotide Sequence Database Collaboration, ZInC, Virus Variation, non-human primate reference transcriptome resource, PubChem, CGD, RefSeq, MMDB, RNAcentral, GenBank, GRASP, DSLD, MTB, Rfam"
NIH,US,US,NIAID NIH HHS,95,50,44,"30304689, 30357390, 22080559, 30534948, 24214957, 24994456, 31649674, 29997612, 23661693, 32073269, 21782820, 21760913, 26510927, 27504778, 29028885, 22260278, 26362267, 27841751, 24203705, 26656948, 33780471, 21765097, 29106626, 31566225, 22080514, 23219434, 23568467, 26602694, 27053566, 30365026, 30593617, 22139919, 34529321, 24194595, 24270792, 25388105, 31114900, 27679478, 31722416, 24259431, 25555720, 33313778, 31667520, 23110173, 33151284, 22067456, 26433228, 27903906, 25428374, 25273106","10KIP, ALEdb, AspGD, atSNP, bNAber, BorreliaBase, cAb-Rep, CDG, CMAP, COLMAR Lipids, DFRMLI, HelmCoP, HAND, GNPS, HoTResDB, IRD, ImmuNet, IRRMC, MetaRef, MG-RAST, MCPdb, PGAT, PAMBD, OGRDB, PolymiRTS, VirmugenDB, VIOLIN, APD3, Vaxar, Victors, ViPR, Nematode.net, antimicrobial peptide database, Gene3D, EuPathDB, IEDB-AR, MEGARes, VIPERdb, PATRIC, SEED, DBAASP, FlyRNAi, RPFdb, UCSC Genome Browser"
NIH,US,US,NIDDK NIH HHS,60,35,34,"25333826, 26393351, 27766955, 33079988, 33787872, 22748121, 23794736, 24101916, 30951672, 27504778, 28212602, 30418591, 33125055, 33973408, 34859531, 30397019, 21880229, 24203705, 26322134, 33174596, 21890895, 23196988, 24839966, 26072489, 24227675, 24288368, 30674925, 22786849, 31672983, 22067444, 23180778, 24350770, 32728249, 25388151, 24910945","Complex Mixture Analysis by NMR, dkNET, e-GRASP, DKK, Drugmonizome, Genes2FANs, ESCAPE, FunGene, exRNA Atlas, GNPS, HAPPI, HumanNet, HbVar, hu.MAP, gnomAD, iProteinDB, Monogenic Diabetes Registry, MetaRef, Metabolic In silico Network Expansions, MitoCarta, OPM, NURBS, PCD, PAGER, PhosphoNetworks, RDP, Smooth Muscle Transcriptome Browser, Transcriptomine, SPP, zfishbook, ZInC, Model Organism Protein Expression Database, ENCODE, EVpedia"
NIH,US,US,NHLBI NIH HHS,145,48,33,"23193282, 26602695, 26946289, 29485625, 33787872, 27141961, 30951672, 21982653, 23504933, 33119754, 33973408, 25707505, 31701147, 34936882, 33514395, 21821666, 25102069, 22086960, 24304897, 24288368, 27643925, 30052772, 21296746, 22102583, 23730305, 33290552, 25388151, 25514926, 21321022, 27587585, 24234451, 21520341, 30395267, 25428363, 23843252, 23255149, 27980099, 26555599, 23161678, 23603846, 23794737, 23881287, 25355511, 27602200, 27736745, 29761460, 31713623, 34741192","Allen Brain Atlas, CRN, dbPEC, Datasets2Tools, Drugmonizome, Enrichr, exRNA Atlas, GenTAC, Human Proteinpedia, HeRA, hu.MAP, IIIDB, LINCS, Lung CellCards, MPM, NeuroPedia, Panorama, PrimerBank, PPD, RDP, StemCellCKB, Terabase, RGD, MPD, SGR, GOC, EVpedia, PhosphoSitePlus, REDIportal, IntAct, dbNSFP, RNAcentral, BioGRID"
NIH,US,US,NLM NIH HHS,47,40,33,"27050421, 26519468, 23893318, 32392296, 33167031, 33211888, 22110038, 22748121, 26567549, 22058127, 31701147, 33137204, 33166392, 22146221, 27907895, 24406170, 26504143, 21624156, 27733502, 29036590, 23066107, 23175606, 26590254, 31598702, 31680168, 21447597, 26612867, 34314492, 26590405, 22102590, 23203985, 33211869, 33166387, 23161681, 33106848, 29069413, 24253303, 25348405, 33151290, 26519399","C-terminome, ccmGDB, CDSA, CoCoCoNet, COG, CSEA-DB, GeneSigDB, Genes2FANs, GEneSTATION, MACiE, LINCS, KinaseMD, LitCovid, MnM, mutLBSgeneDB, PeptiSite, PDID, PHARE-KB, SZGR, TissGDB, TSGene, WholeCellKB, UET, VISDB, TSEA-DB, UniProtKB, Dfam, GlyTouCan, Rfam, International Nucleotide Sequence Database Collaboration, RNAcentral, WormBase, PubChem"
NIH,US,US,NIMH NIH HHS,100,30,29,"23193282, 23774715, 29985970, 32386544, 32392296, 26019122, 27907889, 33599246, 24217912, 24336862, 26212453, 33439542, 26362267, 28592645, 22140101, 21821666, 26048622, 26578589, 29370821, 31868683, 22171328, 26323714, 31171447, 23209562, 22102583, 26590263, 26311606, 33221922, 24270788, 27587585","Allen Brain Atlas, Autism Brain Imaging Data Exchange, BrainEXP, CCFv3, CoCoCoNet, DX, denovo-db, Gemma, HPO, GIGA, Histone Antibody Specificity Database, HDG, ImmuNet, ISVdb, MethylomeDB, NeuroPedia, PedsDTI, ORegAnno, PhenoDis, QPN, seeQTL, RNASeqMetaDB, SynGO, Wiki-Pi, MPD, Lynx, UCLA Multimodal Connectivity Database, UCSC Genome Browser, REDIportal"
NIH,US,US,NCATS NIH HHS,48,30,28,"25378330, 25516260, 25190456, 23893318, 23630576, 23172289, 23197658, 25951377, 30371892, 30951672, 31509535, 31701147, 27069559, 34349127, 25102069, 33245774, 33361798, 27026615, 24223973, 27643925, 33035346, 33156327, 26578587, 26590263, 33151287, 25388151, 27899567, 25378335, 23161678, 30395287","Binding MOAD, Bioclock, CCGD, CDSA, CMS, dictyBase, DGA, DeTEXT, DrugCentral, exRNA Atlas, GutFeelingKB, LINCS, MD-CTS, MiREDiBase, Panorama, PAGER-CoV, Open Cancer TherApeutic Discovery, PheKB, SWEETLEAD, StemCellCKB, tRFtarget, TCRD, BioGPS, Lynx, EVpedia, GOC, MeT-DB, UniProtKB"
NIH,US,US,NCRR NIH HHS,57,30,28,"23893318, 23203874, 23197658, 23264352, 26946289, 21177656, 22748121, 23104379, 23504933, 27504778, 21880229, 22146221, 21821666, 23674503, 24227675, 25309735, 22434841, 24223973, 26516187, 22135298, 23550210, 25348409, 25392405, 27053566, 21447597, 27924039, 25501940, 23203872, 24316576, 22102590","CDSA, CIL-CCDB, DGA, DegraBase, dbPEC, Gene Expression Barcode, Genes2FANs, GFDB, Human Proteinpedia, GNPS, Monogenic Diabetes Registry, MnM, NeuroPedia, PhosphoGRID, PhosphoNetworks, SkateBase, TGD, SWEETLEAD, SynLethDB, PhosphoSitePlus, cBioPortal, Human Disease Ontology, non-human primate reference transcriptome resource, Vaxar, UniProtKB, FlyRNAi, SFLD, Ensembl"
NIH,US,US,NIH HHS,47,31,26,"34482425, 26503254, 29485625, 27664130, 24217912, 27841751, 27899569, 29284660, 30841849, 31679514, 23674503, 26251998, 28862395, 24203712, 21276248, 23175606, 25348409, 25392405, 31283070, 27924039, 30476227, 34314492, 30407596, 26919060, 31722416, 23203872, 22067456, 24285300, 25428363, 25723102, 27980099","CrePortal, Digital Development, Datasets2Tools, ENVO, HPO, IRRMC, MEGARes, ModERN, mGAP, MaveDB, PhosphoGRID, PhenomeCentral, PMS_DN, TISdb, ZFNGenome, WholeCellKB, Human Disease Ontology, non-human primate reference transcriptome resource, VIPdb, FlyRNAi, BioGRID, GlyTouCan, Cancer3D, MSeqDR, MGD, FANTOM5"
NIH,US,US,NIH,60,25,25,"33037820, 29985970, 26855883, 26019122, 33995899, 30951672, 33897975, 29028885, 32502232, 29206899, 31197322, 32436932, 29186335, 31584092, 34514416, 29092939, 30052772, 31171447, 33021634, 34387941, 31722416, 33313778, 28891124, 33211869, 27450113","Bgee, BrainEXP, CressInt, DX, DRscDB, exRNA Atlas, FGDB, HoTResDB, LabxDB, MOSAIC, MetOSite, miRactDB, OncoPPi, PDBe-KB, SCISSOR√É¬É√Ç¬É√É¬Ç√Ç¬¢√É¬É√Ç¬Ç√É¬Ç√Ç¬à√É¬É√Ç¬Ç√É¬Ç√Ç¬ö√É¬É√Ç¬É√É¬Ç√Ç¬É√É¬É√Ç¬Ç√É¬Ç√Ç¬â√É¬É√Ç¬É√É¬Ç√Ç¬Ç√É¬É√Ç¬Ç√É¬Ç√Ç¬¨√É¬É√Ç¬É√É¬Ç√Ç¬É√É¬É√Ç¬Ç√É¬Ç√Ç¬â√É¬É√Ç¬É√É¬Ç√Ç¬¢√É¬É√Ç¬Ç√É¬Ç√Ç¬à√É¬É√Ç¬Ç√É¬Ç√Ç¬ö√É¬É√Ç¬É√É¬Ç√Ç¬É√É¬É√Ç¬Ç√É¬Ç√Ç¬á√É¬É√Ç¬É√É¬Ç√Ç¬Ç√É¬É√Ç¬Ç√É¬Ç√Ç¬¨√É¬É√Ç¬É√É¬Ç√Ç¬É√É¬É√Ç¬Ç√É¬Ç√Ç¬â√É¬É√Ç¬É√É¬Ç√Ç¬¢√É¬É√Ç¬Ç√É¬Ç√Ç¬à√É¬É√Ç¬Ç√É¬Ç√Ç¬ö√É¬É√Ç¬É√É¬Ç√Ç¬É√É¬É√Ç¬Ç√É¬Ç√Ç¬â√É¬É√Ç¬É√É¬Ç√Ç¬Ç√É¬É√Ç¬Ç√É¬Ç√Ç¬¨√É¬É√Ç¬É√É¬Ç√Ç¬É√É¬É√Ç¬Ç√É¬Ç√Ç¬á√É¬É√Ç¬É√É¬Ç√Ç¬¢√É¬É√Ç¬Ç√É¬Ç√Ç¬à√É¬É√Ç¬Ç√É¬Ç√Ç¬ö√É¬É√Ç¬É√É¬Ç√Ç¬É√É¬É√Ç¬Ç√É¬Ç√Ç¬á√É¬É√Ç¬É√É¬Ç√Ç¬Ç√É¬É√Ç¬Ç√É¬Ç√Ç¬¨√É¬É√Ç¬É√É¬Ç√Ç¬É√É¬É√Ç¬Ç√É¬Ç√Ç¬â√É¬É√Ç¬É√É¬Ç√Ç¬¢√É¬É√Ç¬Ç√É¬Ç√Ç¬à√É¬É√Ç¬Ç√É¬Ç√Ç¬ö√É¬É√Ç¬É√É¬Ç√Ç¬É√É¬É√Ç¬Ç√É¬Ç√Ç¬â√É¬É√Ç¬É√É¬Ç√Ç¬Ç√É¬É√Ç¬Ç√É¬Ç√Ç¬¨√É¬É√Ç¬É√É¬Ç√Ç¬É√É¬É√Ç¬Ç√É¬Ç√Ç¬â√É¬É√Ç¬É√É¬Ç√Ç¬¢√É¬É√Ç¬Ç√É¬Ç√Ç¬à√É¬É√Ç¬Ç√É¬Ç√Ç¬ö√É¬É√Ç¬É√É¬Ç√Ç¬É√É¬É√Ç¬Ç√É¬Ç√Ç¬á√É¬É√Ç¬É√É¬Ç√Ç¬Ç√É¬É√Ç¬Ç√É¬Ç√Ç¬¨√É¬É√Ç¬É√É¬Ç√Ç¬É√É¬É√Ç¬Ç√É¬Ç√Ç¬á√É¬É√Ç¬É√É¬Ç√Ç¬¢√É¬É√Ç¬Ç√É¬Ç√Ç¬à√É¬É√Ç¬Ç√É¬Ç√Ç¬ö√É¬É√Ç¬É√É¬Ç√Ç¬É√É¬É√Ç¬Ç√É¬Ç√Ç¬â√É¬É√Ç¬É√É¬Ç√Ç¬Ç√É¬É√Ç¬Ç√É¬Ç√Ç¬¨√É¬É√Ç¬É√É¬Ç√Ç¬É√É¬É√Ç¬Ç√É¬Ç√Ç¬á√É¬É√Ç¬É√É¬Ç√Ç¬¢√É¬É√Ç¬Ç√É¬Ç√Ç¬à√É¬É√Ç¬Ç√É¬Ç√Ç¬ö√É¬É√Ç¬É√É¬Ç√Ç¬É√É¬É√Ç¬Ç√É¬Ç√Ç¬á√É¬É√Ç¬É√É¬Ç√Ç¬Ç√É¬É√Ç¬Ç√É¬Ç√Ç¬¨√É¬É√Ç¬É√É¬Ç√Ç¬É√É¬É√Ç¬Ç√É¬Ç√Ç¬â√É¬É√Ç¬É√É¬Ç√Ç¬¢√É¬É√Ç¬Ç√É¬Ç√Ç¬à√É¬É√Ç¬Ç√É¬Ç√Ç¬ö√É¬É√Ç¬É√É¬Ç√Ç¬É√É¬É√Ç¬Ç√É¬Ç√Ç¬â√É¬É√Ç¬É√É¬Ç√Ç¬Ç√É¬É√Ç¬Ç√É¬Ç√Ç¬¨√É¬É√Ç¬É√É¬Ç√Ç¬É√É¬É√Ç¬Ç√É¬Ç√Ç¬â√É¬É√Ç¬É√É¬Ç√Ç¬¢√É¬É√Ç¬Ç√É¬Ç√Ç¬à√É¬É√Ç¬Ç√É¬Ç√Ç¬ö√É¬É√Ç¬É√É¬Ç√Ç¬É√É¬É√Ç¬Ç√É¬Ç√Ç¬á√É¬É√Ç¬É√É¬Ç√Ç¬Ç√É¬É√Ç¬Ç√É¬Ç√Ç¬¨√É¬É√Ç¬É√É¬Ç√Ç¬É√É¬É√Ç¬Ç√É¬Ç√Ç¬â√É¬É√Ç¬É√É¬Ç√Ç¬¢√É¬É√Ç¬Ç√É¬Ç√Ç¬à√É¬É√Ç¬Ç√É¬Ç√Ç¬ö√É¬É√Ç¬É√É¬Ç√Ç¬É√É¬É√Ç¬Ç√É¬Ç√Ç¬â√É¬É√Ç¬É√É¬Ç√Ç¬Ç√É¬É√Ç¬Ç√É¬Ç√Ç¬¨√É¬É√Ç¬É√É¬Ç√Ç¬É√É¬É√Ç¬Ç√É¬Ç√Ç¬á√É¬É√Ç¬É√É¬Ç√Ç¬¢√É¬É√Ç¬Ç√É¬Ç√Ç¬à√É¬É√Ç¬Ç√É¬Ç√Ç¬ö√É¬É√Ç¬É√É¬Ç√Ç¬É√É¬É√Ç¬Ç√É¬Ç√Ç¬á√É¬É√Ç¬É√É¬Ç√Ç¬Ç√É¬É√Ç¬Ç√É¬Ç√Ç¬¨√É¬É√Ç¬É√É¬Ç√Ç¬É√É¬É√Ç¬Ç√É¬Ç√Ç¬á√É¬É√Ç¬É√É¬Ç√Ç¬¢√É¬É√Ç¬Ç√É¬Ç√Ç¬à√É¬É√Ç¬Ç√É¬Ç√Ç¬ö√É¬É√Ç¬É√É¬Ç√Ç¬É√É¬É√Ç¬Ç√É¬Ç√Ç¬â√É¬É√Ç¬É√É¬Ç√Ç¬Ç√É¬É√Ç¬Ç√É¬Ç√Ç¬¨√É¬É√Ç¬É√É¬Ç√Ç¬É√É¬É√Ç¬Ç√É¬Ç√Ç¬â√É¬É√Ç¬É√É¬Ç√Ç¬¢√É¬É√Ç¬Ç√É¬Ç√Ç¬à√É¬É√Ç¬Ç√É¬Ç√Ç¬ö√É¬É√Ç¬É√É¬Ç√Ç¬É√É¬É√Ç¬Ç√É¬Ç√Ç¬á√É¬É√Ç¬É√É¬Ç√Ç¬Ç√É¬É√Ç¬Ç√É¬Ç√Ç¬¨√É¬É√Ç¬É√É¬Ç√Ç¬É√É¬É√Ç¬Ç√É¬Ç√Ç¬á√É¬É√Ç¬É√É¬Ç√Ç¬¢√É¬É√Ç¬Ç√É¬Ç√Ç¬à√É¬É√Ç¬Ç√É¬Ç√Ç¬ö√É¬É√Ç¬É√É¬Ç√Ç¬É√É¬É√Ç¬Ç√É¬Ç√Ç¬â√É¬É√Ç¬É√É¬Ç√Ç¬Ç√É¬É√Ç¬Ç√É¬Ç√Ç¬¨√É¬É√Ç¬É√É¬Ç√Ç¬É√É¬É√Ç¬Ç√É¬Ç√Ç¬á√É¬É√Ç¬É√É¬Ç√Ç¬¢√É¬É√Ç¬Ç√É¬Ç√Ç¬à√É¬É√Ç¬Ç√É¬Ç√Ç¬ö√É¬É√Ç¬É√É¬Ç√Ç¬É√É¬É√Ç¬Ç√É¬Ç√Ç¬á√É¬É√Ç¬É√É¬Ç√Ç¬Ç√É¬É√Ç¬Ç√É¬Ç√Ç¬¨√É¬É√Ç¬É√É¬Ç√Ç¬Ç√É¬É√Ç¬Ç√É¬Ç√Ç¬¢, TCPA, Terabase, SynGO, NDB, PharmGKB, MEGARes, VIPERdb, DOCKGROUND, Rfam, PDB"
NIH,US,US,NICHD NIH HHS,54,26,22,"31680137, 23774715, 22916227, 34482425, 26503254, 26946289, 27907889, 23340253, 24150938, 33973408, 32502232, 28490127, 29145608, 26048622, 23110975, 23125366, 26476456, 23730305, 33104772, 34387941, 30417254, 29761459, 25313157, 24316576, 24163257, 34698891","ANISEED, Autism Brain Imaging Data Exchange, CLEARPOND, CrePortal, Digital Development, dbPEC, denovo-db, EDR, GEISHA, hu.MAP, LabxDB, Milk bioactive peptide database, MeDReaders, PedsDTI, MGI, Xenbase, BiGG, SGR, GXD, PharmGKB, iSyTE, Ensembl"
NIH,US,US,National Human Genome Research Institute,57,25,22,"30534948, 30486838, 32227657, 30357393, 34859531, 32345346, 34154643, 32386298, 31642470, 33206959, 33261662, 33290552, 34387941, 33221922, 33237286, 30304474, 33436076, 31713622, 33211869, 30395331, 31691826, 30395287, 33231642, 31598706, 34741192","atSNP, CHESS, dbMTS, GENCODE, gnomAD, REPIC, TE Hub, MGP Portal, WormBase, IntAct, dbNSFP, GOC, PharmGKB, UCSC Genome Browser, UniProtKB, HGNC, Dfam, ENCODE, Rfam, Ensembl, MGD, RGD"
NIH,US,US,National Institute of General Medical Sciences,34,22,20,"30486838, 32073269, 25333826, 33995899, 29337142, 33973408, 25102069, 30985146, 29733404, 31494246, 32345346, 27188311, 30871473, 33211851, 30668832, 33206959, 33290552, 34529321, 33237286, 30395331, 30476243, 30395287","CHESS, COLMAR Lipids, Complex Mixture Analysis by NMR, DRscDB, Express, hu.MAP, Panorama, ProteinExplorer, SPAR, SliceIt, REPIC, Structure Surfer, TADKB, WikiPathways, DASHR, IntAct, GOC, antimicrobial peptide database, UniProtKB, STRING"
NIH,US,US,NIDA NIH HHS,30,19,17,"26019122, 30951672, 25166490, 22276777, 21821666, 21890895, 25102069, 31259547, 31228159, 31868683, 27643925, 31171447, 22067444, 31598702, 22102583, 26434508, 29136208, 27587585, 31696236","DX, exRNA Atlas, isoMETLIN, miRdSNP, NeuroPedia, OPM, Panorama, PerMM, PhenoGen, QPN, StemCellCKB, SynGO, zfishbook, VISDB, MPD, ExoCarta, REDIportal"
NIH,US,US,NINDS NIH HHS,58,20,16,"23774715, 23203874, 24991954, 21249531, 24700709, 25166490, 25542617, 25953081, 29145608, 21821666, 26048622, 26323714, 31171447, 23226127, 25392405, 26590263, 26919060, 26311606, 23203872, 24270788","Autism Brain Imaging Data Exchange, CIL-CCDB, CORTECON, DIADEM, DBDB, isoMETLIN, MSeqDR, MIsoMine, MeDReaders, NeuroPedia, PedsDTI, RNASeqMetaDB, SynGO, UCLA Multimodal Connectivity Database, non-human primate reference transcriptome resource, Lynx"
NIH,US,US,NIA NIH HHS,35,19,16,"30357367, 24678734, 30951672, 32777102, 33174596, 33514395, 25172923, 29370821, 24194593, 29733404, 24203712, 27188311, 23226127, 22102583, 30668832, 25388151, 26311606, 26553799, 31696236","CORUM, EPSLiM, exRNA Atlas, MSK-KP, MitoCarta, MPM, Naked Mole Rat Genome Resource, PhenoDis, SelenoDB, SPAR, TISdb, Structure Surfer, UCLA Multimodal Connectivity Database, MPD, DASHR, EVpedia"
NIH,US,US,National Institute of Allergy and Infectious Diseases,15,14,14,"30304689, 30357390, 31649674, 33276297, 27841751, 33780471, 31161204, 33206959, 33290552, 33237286, 33772585, 31667520, 33151284, 31598706","10KIP, ALEdb, cAb-Rep, DBCOVP, IRRMC, MCPdb, PRISMOID, IntAct, GOC, UniProtKB, IEDB, PATRIC, DBAASP, Ensembl"
NIH,US,US,NIDCR NIH HHS,24,14,12,"21544197, 27504778, 33119754, 34032471, 29126312, 31588509, 31754718, 22759918, 22064862, 30417254, 31504780, 24185697, 25428374, 27738138","CORE, GNPS, HeRA, HSP, Met-DB, MutEx, MiST, SSKB, CGD, iSyTE, miRDB, UCSC Genome Browser"
NIH,US,US,NIEHS NIH HHS,34,16,10,"31133849, 29985970, 23630576, 24101916, 28557712, 25953081, 33361798, 22171328, 24288368, 23093600, 25326323, 27651457, 29846728, 30247620, 33068428, 29351546","BioPlanet, BrainEXP, CMS, FunGene, ICE, MIsoMine, Open Cancer TherApeutic Discovery, seeQTL, RDP, CTD"
NIH,US,US,NEI NIH HHS,13,9,8,"28977551, 26660198, 23661693, 25887129, 29337142, 29036527, 22276777, 30417254, 27515742","AAgMarker, CB, CMAP, dbVOR, Express, iSyTE, miRdSNP, EnhancerAtlas"
NIH,US,US,NIAAA NIH HHS,11,7,6,"22080549, 31509535, 31228159, 24146757, 33035346, 22135298, 25514926","GeneWeaver, GutFeelingKB, PhenoGen, SIDD, tRFtarget, PhosphoSitePlus"
NIH,US,US,NIAMS NIH HHS,6,6,6,"30407583, 31642488, 30397019, 32777102, 33174596, 29487113","FusionGDB, ExonSkipDB, iProteinDB, MSK-KP, MitoCarta, Panorama Public"
NIH,US,US,National Institute of Mental Health,5,5,5,"32386544, 33599246, 26048622, 29370821, 33206959","CCFv3, Gemma, PedsDTI, PhenoDis, IntAct"
NIH,US,US,CCR NIH HHS,5,5,5,"23893318, 33086069, 21491493, 27377064, 27587585","CDSA, CellMiner-SCLC, Noncoded Amino acids Database, RID, REDIportal"
NIH,US,US,NIBIB NIH HHS,11,5,5,"22275896, 26019122, 33174603, 31868683, 27899595","COINS, DX, Datanator, QPN, PANTHER"
NIH,US,US,National Institute on Aging,14,5,5,"29370821, 29733404, 30668832, 33206959, 31696236","PhenoDis, SPAR, DASHR, IntAct, MPD"
NIH,US,US,National Cancer Institute,29,23,23,"33086069, 30202990, 30247654, 34127402, 31588509, 32986834, 21491493, 25102069, 27152146, 29186335, 32810235, 33245774, 33442735, 21656910, 32358997, 34014674, 32027495, 33729437, 33206959, 33849445, 33151287, 33237286, 33290554","CellMiner-SCLC, ChIPprimersDB, HACER, Immu-Mela, MutEx, ModelSEED, Noncoded Amino acids Database, Panorama, NCRO, OncoPPi, PCAT, PAGER-CoV, O-GlcNAcAtlas, QuAD, ProNetView-ccRCC, SistematX, tautomeric, TIE, IntAct, TANTIGEN, DrugCentral, UniProtKB, PANTHER"
,US,US,Howard Hughes Medical Institute,29,26,21,"27907889, 33995899, 27113915, 24002112, 24297255, 33174596, 33780471, 22833564, 24271386, 33653882, 23193263, 28365761, 26138588, 26590259, 26705106, 26612867, 26673716, 27924039, 33221922, 22067452, 25428374, 23203985, 24194605, 24288371, 23125362, 23193274","denovo-db, DRscDB, Hipposeq, M2SG, iPfam, MitoCarta, MCPdb, NESdb, OnTheFly, Mycobacterial Systems Resource, PrePPI, PhagesDB, SmedGD, UCSC Genome Browser, WheatExp, Dfam, Pfam, FlyRNAi, WormBase, Rfam, ENCODE"
,US,US,PHS HHS,23,19,16,"23193282, 26438539, 26602695, 21249531, 26503248, 23175615, 22610854, 23093593, 23125372, 25414355, 22135296, 25392405, 23180793, 24225323, 24293654, 26578581, 25510499, 25414341, 23110173","Allen Brain Atlas, CRISPRz, CRN, DIADEM, dbMAE, EuPathDB, IEDB-AR, PaVE, non-B, rrnDB, VectorBase, non-human primate reference transcriptome resource, IPD, PATRIC, SEED, DBAASP"
,US,US,Cancer Prevention and Research Institute of Texas,15,11,11,"33211888, 30418591, 32576192, 33137204, 32810235, 29092939, 31432762, 31672983, 31598702, 31680168, 33021634","CSEA-DB, HumanNet, GPSno, KinaseMD, PCAT, TCPA, tRic, SPP, VISDB, TSEA-DB, NDB"
,US,US,U.S. Department of Energy,15,8,8,"30239679, 31665416, 32986834, 33104790, 32882008, 30208844, 33137183, 33152092","AgBioData, Integrated Microbial Genomes Atlas of Biosynthetic gene Clusters, ModelSEED, PhycoCosm, TBDB, WoM, IMG/VR, GOLD"
NIH,US,US,"National Heart, Lung, and Blood Institute",12,11,8,"33973408, 31701147, 25102069, 27643925, 33206959, 33290552, 33237286, 30395331, 27602200, 31713623, 34741192","hu.MAP, LINCS, Panorama, StemCellCKB, IntAct, GOC, UniProtKB, RGD"
NIH,US,US,National Institute for Health Research (NIHR),9,6,6,"31095607, 24217912, 27976751, 24297257, 25414323, 26919060","CiliaCarta, HPO, Hepitopes, NECTAR, AFND, MSeqDR"
NIH,US,US,National Institute of Diabetes and Digestive and Kidney Diseases,6,6,6,"25333826, 33973408, 34859531, 33206959, 33290552, 33237286","Complex Mixture Analysis by NMR, hu.MAP, gnomAD, IntAct, GOC, UniProtKB"
,US,US,NSF,7,6,6,"29206899, 34514416, 31642487, 28891124, 27450113, 33170273","MOSAIC, SCISSOR√É¬É√Ç¬É√É¬Ç√Ç¬¢√É¬É√Ç¬Ç√É¬Ç√Ç¬à√É¬É√Ç¬Ç√É¬Ç√Ç¬ö√É¬É√Ç¬É√É¬Ç√Ç¬É√É¬É√Ç¬Ç√É¬Ç√Ç¬â√É¬É√Ç¬É√É¬Ç√Ç¬Ç√É¬É√Ç¬Ç√É¬Ç√Ç¬¨√É¬É√Ç¬É√É¬Ç√Ç¬É√É¬É√Ç¬Ç√É¬Ç√Ç¬â√É¬É√Ç¬É√É¬Ç√Ç¬¢√É¬É√Ç¬Ç√É¬Ç√Ç¬à√É¬É√Ç¬Ç√É¬Ç√Ç¬ö√É¬É√Ç¬É√É¬Ç√Ç¬É√É¬É√Ç¬Ç√É¬Ç√Ç¬á√É¬É√Ç¬É√É¬Ç√Ç¬Ç√É¬É√Ç¬Ç√É¬Ç√Ç¬¨√É¬É√Ç¬É√É¬Ç√Ç¬É√É¬É√Ç¬Ç√É¬Ç√Ç¬â√É¬É√Ç¬É√É¬Ç√Ç¬¢√É¬É√Ç¬Ç√É¬Ç√Ç¬à√É¬É√Ç¬Ç√É¬Ç√Ç¬ö√É¬É√Ç¬É√É¬Ç√Ç¬É√É¬É√Ç¬Ç√É¬Ç√Ç¬â√É¬É√Ç¬É√É¬Ç√Ç¬Ç√É¬É√Ç¬Ç√É¬Ç√Ç¬¨√É¬É√Ç¬É√É¬Ç√Ç¬É√É¬É√Ç¬Ç√É¬Ç√Ç¬á√É¬É√Ç¬É√É¬Ç√Ç¬¢√É¬É√Ç¬Ç√É¬Ç√Ç¬à√É¬É√Ç¬Ç√É¬Ç√Ç¬ö√É¬É√Ç¬É√É¬Ç√Ç¬É√É¬É√Ç¬Ç√É¬Ç√Ç¬á√É¬É√Ç¬É√É¬Ç√Ç¬Ç√É¬É√Ç¬Ç√É¬Ç√Ç¬¨√É¬É√Ç¬É√É¬Ç√Ç¬É√É¬É√Ç¬Ç√É¬Ç√Ç¬â√É¬É√Ç¬É√É¬Ç√Ç¬¢√É¬É√Ç¬Ç√É¬Ç√Ç¬à√É¬É√Ç¬Ç√É¬Ç√Ç¬ö√É¬É√Ç¬É√É¬Ç√Ç¬É√É¬É√Ç¬Ç√É¬Ç√Ç¬â√É¬É√Ç¬É√É¬Ç√Ç¬Ç√É¬É√Ç¬Ç√É¬Ç√Ç¬¨√É¬É√Ç¬É√É¬Ç√Ç¬É√É¬É√Ç¬Ç√É¬Ç√Ç¬â√É¬É√Ç¬É√É¬Ç√Ç¬¢√É¬É√Ç¬Ç√É¬Ç√Ç¬à√É¬É√Ç¬Ç√É¬Ç√Ç¬ö√É¬É√Ç¬É√É¬Ç√Ç¬É√É¬É√Ç¬Ç√É¬Ç√Ç¬á√É¬É√Ç¬É√É¬Ç√Ç¬Ç√É¬É√Ç¬Ç√É¬Ç√Ç¬¨√É¬É√Ç¬É√É¬Ç√Ç¬É√É¬É√Ç¬Ç√É¬Ç√Ç¬á√É¬É√Ç¬É√É¬Ç√Ç¬¢√É¬É√Ç¬Ç√É¬Ç√Ç¬à√É¬É√Ç¬Ç√É¬Ç√Ç¬ö√É¬É√Ç¬É√É¬Ç√Ç¬É√É¬É√Ç¬Ç√É¬Ç√Ç¬â√É¬É√Ç¬É√É¬Ç√Ç¬Ç√É¬É√Ç¬Ç√É¬Ç√Ç¬¨√É¬É√Ç¬É√É¬Ç√Ç¬É√É¬É√Ç¬Ç√É¬Ç√Ç¬á√É¬É√Ç¬É√É¬Ç√Ç¬¢√É¬É√Ç¬Ç√É¬Ç√Ç¬à√É¬É√Ç¬Ç√É¬Ç√Ç¬ö√É¬É√Ç¬É√É¬Ç√Ç¬É√É¬É√Ç¬Ç√É¬Ç√Ç¬á√É¬É√Ç¬É√É¬Ç√Ç¬Ç√É¬É√Ç¬Ç√É¬Ç√Ç¬¨√É¬É√Ç¬É√É¬Ç√Ç¬É√É¬É√Ç¬Ç√É¬Ç√Ç¬â√É¬É√Ç¬É√É¬Ç√Ç¬¢√É¬É√Ç¬Ç√É¬Ç√Ç¬à√É¬É√Ç¬Ç√É¬Ç√Ç¬ö√É¬É√Ç¬É√É¬Ç√Ç¬É√É¬É√Ç¬Ç√É¬Ç√Ç¬â√É¬É√Ç¬É√É¬Ç√Ç¬Ç√É¬É√Ç¬Ç√É¬Ç√Ç¬¨√É¬É√Ç¬É√É¬Ç√Ç¬É√É¬É√Ç¬Ç√É¬Ç√Ç¬â√É¬É√Ç¬É√É¬Ç√Ç¬¢√É¬É√Ç¬Ç√É¬Ç√Ç¬à√É¬É√Ç¬Ç√É¬Ç√Ç¬ö√É¬É√Ç¬É√É¬Ç√Ç¬É√É¬É√Ç¬Ç√É¬Ç√Ç¬á√É¬É√Ç¬É√É¬Ç√Ç¬Ç√É¬É√Ç¬Ç√É¬Ç√Ç¬¨√É¬É√Ç¬É√É¬Ç√Ç¬É√É¬É√Ç¬Ç√É¬Ç√Ç¬â√É¬É√Ç¬É√É¬Ç√Ç¬¢√É¬É√Ç¬Ç√É¬Ç√Ç¬à√É¬É√Ç¬Ç√É¬Ç√Ç¬ö√É¬É√Ç¬É√É¬Ç√Ç¬É√É¬É√Ç¬Ç√É¬Ç√Ç¬â√É¬É√Ç¬É√É¬Ç√Ç¬Ç√É¬É√Ç¬Ç√É¬Ç√Ç¬¨√É¬É√Ç¬É√É¬Ç√Ç¬É√É¬É√Ç¬Ç√É¬Ç√Ç¬á√É¬É√Ç¬É√É¬Ç√Ç¬¢√É¬É√Ç¬Ç√É¬Ç√Ç¬à√É¬É√Ç¬Ç√É¬Ç√Ç¬ö√É¬É√Ç¬É√É¬Ç√Ç¬É√É¬É√Ç¬Ç√É¬Ç√Ç¬á√É¬É√Ç¬É√É¬Ç√Ç¬Ç√É¬É√Ç¬Ç√É¬Ç√Ç¬¨√É¬É√Ç¬É√É¬Ç√Ç¬É√É¬É√Ç¬Ç√É¬Ç√Ç¬á√É¬É√Ç¬É√É¬Ç√Ç¬¢√É¬É√Ç¬Ç√É¬Ç√Ç¬à√É¬É√Ç¬Ç√É¬Ç√Ç¬ö√É¬É√Ç¬É√É¬Ç√Ç¬É√É¬É√Ç¬Ç√É¬Ç√Ç¬â√É¬É√Ç¬É√É¬Ç√Ç¬Ç√É¬É√Ç¬Ç√É¬Ç√Ç¬¨√É¬É√Ç¬É√É¬Ç√Ç¬É√É¬É√Ç¬Ç√É¬Ç√Ç¬â√É¬É√Ç¬É√É¬Ç√Ç¬¢√É¬É√Ç¬Ç√É¬Ç√Ç¬à√É¬É√Ç¬Ç√É¬Ç√Ç¬ö√É¬É√Ç¬É√É¬Ç√Ç¬É√É¬É√Ç¬Ç√É¬Ç√Ç¬á√É¬É√Ç¬É√É¬Ç√Ç¬Ç√É¬É√Ç¬Ç√É¬Ç√Ç¬¨√É¬É√Ç¬É√É¬Ç√Ç¬É√É¬É√Ç¬Ç√É¬Ç√Ç¬á√É¬É√Ç¬É√É¬Ç√Ç¬¢√É¬É√Ç¬Ç√É¬Ç√Ç¬à√É¬É√Ç¬Ç√É¬Ç√Ç¬ö√É¬É√Ç¬É√É¬Ç√Ç¬É√É¬É√Ç¬Ç√É¬Ç√Ç¬â√É¬É√Ç¬É√É¬Ç√Ç¬Ç√É¬É√Ç¬Ç√É¬Ç√Ç¬¨√É¬É√Ç¬É√É¬Ç√Ç¬É√É¬É√Ç¬Ç√É¬Ç√Ç¬á√É¬É√Ç¬É√É¬Ç√Ç¬¢√É¬É√Ç¬Ç√É¬Ç√Ç¬à√É¬É√Ç¬Ç√É¬Ç√Ç¬ö√É¬É√Ç¬É√É¬Ç√Ç¬É√É¬É√Ç¬Ç√É¬Ç√Ç¬á√É¬É√Ç¬É√É¬Ç√Ç¬Ç√É¬É√Ç¬Ç√É¬Ç√Ç¬¨√É¬É√Ç¬É√É¬Ç√Ç¬Ç√É¬É√Ç¬Ç√É¬Ç√Ç¬¢, AraPheno, DOCKGROUND, PDB, Gramene"
,US,US,United States Department of Agriculture,31,5,5,"33068435, 32941621, 30407532, 33170273, 31598706","AcrDB, dbCAN-PUL, MaizeGDB, Gramene, Ensembl"
,US,US,National Institute of Food and Agriculture,7,5,5,"30321383, 26705106, 30357347, 31647100, 31680153","CuGenDB, WheatExp, GDR, BGD, Plant Reactome"
NIH,US,US,National Eye Institute,5,5,5,"29337142, 33206959, 33290552, 30417254, 33237286","Express, IntAct, GOC, iSyTE, UniProtKB"
NIH,US,US,FIC NIH HHS,7,4,4,"27504778, 23161692, 23457042, 22116064","GNPS, SchistoDB, RCPedia, TDR Targets"
,US,US,U.S. Department of Agriculture,15,4,4,"30239679, 31210271, 28415075, 33264401","AgBioData, Chickspress, HopBase, SoyBase"
,US,US,European Commission,7,4,4,"31066443, 33125055, 30020414, 32248568","DrugComb, HbVar, SKEMPI, FINDbase"
,US,US,Welch Foundation,6,4,4,"29890119, 30418591, 33973408, 33021634","FlyXCDB, HumanNet, hu.MAP, NDB"
NIH,US,US,National Institute of Health,5,4,4,"34010390, 32436932, 27188311, 30407596","Echinobase, miRactDB, Structure Surfer, Cancer3D"
NIH,US,US,National Institute on Drug Abuse,4,4,4,"26048622, 31259547, 27643925, 31696236","PedsDTI, PerMM, StemCellCKB, MPD"
NIH,US,US,NIDCD NIH HHS,10,3,3,"27193158, 23774715, 26323714","ASL-LEX, Autism Brain Imaging Data Exchange, RNASeqMetaDB"
NIH,US,US,NIMHD NIH HHS,5,3,3,"24994456, 25190456, 25378335","BorreliaBase, CCGD, MeT-DB"
,US,US,Gordon and Betty Moore Foundation,3,3,3,"27664130, 33166387, 31722421","ENVO, International Nucleotide Sequence Database Collaboration, ENA"
,US,US,Alfred P. Sloan Foundation,3,3,3,"34158935, 30985146, 30371820","GEMI, ProteinExplorer, UNITE"
,US,US,Oregon State University,3,3,3,"28415075, 28490127, 26973684","HopBase, Milk bioactive peptide database, FragariaCyc"
,US,US,Foundation for the National Institutes of Health,6,3,3,"33514395, 31283070, 32486891","MPM, VIPdb, Reactome"
NIH,US,US,National Institute of Child Health and Human Development,3,3,3,"26048622, 31103066, 34387941","PedsDTI, Placental Atlas Tool, PharmGKB"